Adamant brutal,4798
Adamant dart,810
Adamant javelin,829
Adamant knife,867
Adamant throwing axe,804
Azure skillchompa,31597
Black brutal,4788
Black dart,3093
Black knife,869
Bolt rack,4740
Bone bolts,8882
Bronze brutal,4773
Bronze dart,806
Bronze javelin,825
Bronze knife,864
Bronze throwing axe,800
Cannonball,2
Chinchompa,10033
Cobalt skillchompa,31595
Corrupt Morrigan's javelin,13953
Corrupt Morrigan's throwing axe,13957
Crimson skillchompa,31598
Crystal skillchompa,40995
Dragon dart,11230
Dragon javelin,35115
Dragon knife,31375
Dragon throwing axe,29543
Guam tar,10142
Hand cannon shot,15243
Harralander tar,10145
Iron brutal,4778
Iron dart,807
Iron javelin,826
Iron knife,863
Iron throwing axe,801
Kebbit bolts,10158
Long kebbit bolts,10159
Marrentill tar,10143
Mechanised chinchompa,36391
Mithril brutal,4793
Mithril dart,809
Mithril grapple,9419
Mithril javelin,828
Mithril knife,866
Mithril throwing axe,803
Morrigan's javelin,13879
Morrigan's throwing axe,13883
Off-hand adamant dart,25914
Off-hand adamant knife,25900
Off-hand adamant throwing axe,25907
Off-hand black dart,25912
Off-hand black knife,25902
Off-hand bronze dart,25909
Off-hand bronze knife,25897
Off-hand bronze throwing axe,25903
Off-hand dragon dart,25916
Off-hand dragon javelin,35116
Off-hand dragon knife,31376
Off-hand dragon throwing axe,29544
Off-hand iron dart,25910
Off-hand iron knife,25896
Off-hand iron throwing axe,25904
Off-hand mithril dart,25913
Off-hand mithril knife,25899
Off-hand mithril throwing axe,25906
Off-hand rune dart,25915
Off-hand rune knife,25901
Off-hand rune throwing axe,25908
Off-hand steel dart,25911
Off-hand steel knife,25898
Off-hand steel throwing axe,25905
Ogre arrow,2866
Red chinchompa,10034
Rune brutal,4803
Rune dart,811
Rune javelin,830
Rune knife,868
Rune throwing axe,805
Steel brutal,4783
Steel dart,808
Steel javelin,827
Steel knife,865
Steel throwing axe,802
Tarromin tar,10144
Toktz-xil-ul,6522
Viridian skillchompa,31596
Wyvern spines,35989
Adamant arrow,890
Adamant fire arrows,2538
Araxyte arrow,31737
Bronze arrow,882
Bronze fire arrows,598
Dark arrow,29617
Dragon arrow,11212
Dragon fire arrows,11222
Guthix arrows,19157
Iron arrow,884
Iron fire arrows,2533
Lit dark fire arrows,29622
Mithril arrow,888
Mithril fire arrows,2537
Rune arrow,892
Rune fire arrows,2540
Saradomin arrows,19152
Stalker arrow,41575
Steel arrow,886
Steel fire arrows,2534
Unlit dark fire arrows,29627
Wild arrow,34235
Zamorak arrows,19162
Adamant bolts,9143
Ascendri bolts,31868
Ascendri bolts (e),31881
Ascension bolts,28465
Bakriminel bolts,24116
Barbed bolts,881
Black bolts,13083
Blight bolts,42748
Broad-tipped bolts,13280
Bronze bolts,877
Diamond bakriminel bolts,41669
Diamond bakriminel bolts (e),41630
Diamond bolts,9340
Diamond bolts (e),9243
Dragon bolts,9341
Dragon bolts (e),9244
Dragonstone bakriminel bolts,41674
Dragonstone bakriminel bolts (e),41631
Emerald bakriminel bolts,41654
Emerald bakriminel bolts (e),41627
Emerald bolts,9338
Emerald bolts (e),9241
Hydrix bakriminel bolts,41684
Hydrix bakriminel bolts (e),41633
Iron bolts,9140
Jade bakriminel bolts,41644
Jade bakriminel bolts (e),41625
Mithril bolts,9142
Onyx bakriminel bolts,41679
Onyx bakriminel bolts (e),41632
Onyx bolts,9342
Onyx bolts (e),9245
Opal bakriminel bolts,41634
Opal bakriminel bolts (e),41623
Opal bolts,879
Opal bolts (e),9236
Pearl bakriminel bolts,41649
Pearl bakriminel bolts (e),41626
Pearl bolts,880
Pearl bolts (e),9238
Red topaz bakriminel bolts,41659
Red topaz bakriminel bolts (e),41628
Royal bolts,24336
Ruby bakriminel bolts,41664
Ruby bakriminel bolts (e),41629
Ruby bolts,9339
Ruby bolts (e),9242
Runite bolts,9144
Sapphire bakriminel bolts,41639
Sapphire bakriminel bolts (e),41624
Sapphire bolts,9337
Sapphire bolts (e),9240
Silver bolts,9145
Steel bolts,9141
Topaz bolts,9336
Topaz bolts (e),9239
Adamantite nails,4823
Black nails,4821
Bolt of cloth,8790
Bronze nails,4819
Gold leaf,8784
Iron nails,4820
Magic stone,8788
Mahogany plank,8782
Marble block,8786
Message in a bottle,34721
Mithril nails,4822
Oak plank,8778
Plank,960
Porthole,34719
Rune nails,4824
Shark jawbone,34723
Ship figurehead,34725
Steel nails,1539
Teak plank,8780
Telescope lenses,34717
Asgarnian ale,1905
Beer barrel,8516
Carved oak bench,8566
Carved oak magic wardrobe,9853
Carved oak table,8552
Carved teak bench,8570
Carved teak magic wardrobe,9855
Carved teak table,8556
Chef's delight,5755
Cider barrel,8518
Crude wooden chair,8496
Dragon bitter,1911
Fancy teak dresser,8604
Gilded 4-poster,8588
Gilded bench,8574
Gilded cape rack,9846
Gilded clock,8594
Gilded dresser,8608
Gilded magic wardrobe,9857
Gilded wardrobe,8622
Greenman's ale,1909
Large oak bed,8580
Large teak bed,8584
Magical cape rack,9848
Mahogany armchair,8508
Mahogany armour case,9861
Mahogany bench,8572
Mahogany bookcase,8514
Mahogany cape rack,9845
Mahogany dresser,8606
Mahogany fancy dress box,9867
Mahogany magic wardrobe,9856
Mahogany table,8558
Mahogany toy box,9851
Mahogany treasure chest,9864
Mahogany wardrobe,8620
Marble cape rack,9847
Marble magic wardrobe,9858
Oak armchair,8504
Oak armour case,9859
Oak bed,8578
Oak bench,8564
Oak bookcase,8512
Oak cape rack,9843
Oak chair,8502
Oak clock,8590
Oak dining table,8550
Oak drawers,8612
Oak dresser,8600
Oak fancy dress box,9865
Oak kitchen table,8530
Oak magic wardrobe,9852
Oak shaving stand,8598
Oak toy box,9849
Oak treasure chest,9862
Oak wardrobe,8614
Opulent table,8560
Rocking chair,8500
Shaving stand,8596
Shoe box,8610
Teak armchair,8506
Teak armour case,9860
Teak bed,8582
Teak cape rack,9844
Teak clock,8592
Teak dining bench,8568
Teak drawers,8616
Teak dresser,8602
Teak fancy dress box,9866
Teak kitchen table,8532
Teak magic wardrobe,9854
Teak table,8554
Teak toy box,9850
Teak treasure chest,9863
Teak wardrobe,8618
Wood dining table,8548
Wood kitchen table,8528
Wooden bed,8576
Wooden bench,8562
Wooden bookcase,8510
Wooden chair,8498
Ale yeast,5767
Apple mush,5992
Asgarnian hops,5996
Barley,6006
Barley malt,6008
Bittercap mushroom,6004
Bread dough,2307
Bucket of milk,1927
Chocolate bar,1973
Chocolate dust,1975
Chopped garlic,7074
Cooking apple,1955
Curry leaf,5970
Dwellberries,2126
Egg,1944
Equa leaves,2128
Fat snail,3367
Garlic,1550
Gianne dough,2171
Gnome spice,2169
Grapes,1987
Hammerstone hops,5994
Incomplete pizza,2285
Incomplete stew,1997
Kebab mix,1881
Kelp,34732
King worm,2162
Krandorian hops,6000
Lean snail,3365
Lemon,2102
Lemon chunks,2104
Lemon slices,2106
Lime,2120
Lime chunks,2122
Lime slices,2124
Locust meat,9052
Orange,2108
Orange chunks,2110
Orange slices,2112
Part admiral pie,7194
Part fish pie,7184
Part garden pie,7172
Part mud pie,7166
Part summer pie,7214
Part wild pie,7202
Pastry dough,1953
Pat of butter,6697
Pie shell,2315
Pineapple,2114
Pineapple chunks,2116
Pineapple ring,2118
Pitta dough,1863
Pizza base,2283
Pot of cream,2130
Pot of flour,1933
Raw admiral pie,7196
Raw anchovies,321
Raw bass,363
Raw bear meat,2136
Raw beast meat,9986
Raw beef,2132
Raw beltfish,40291
Raw bird meat,9978
Raw blue blubber jellyfish,42265
Raw catfish,40289
Raw cave eel,5001
Raw cavefish,15264
Raw chicken,2138
Raw chompy,2876
Raw cod,341
Raw crayfish,13435
Raw crunchies,2202
Raw desert sole,40287
Raw fish pie,7186
Raw garden pie,7176
Raw great white shark,34727
Raw green blubber jellyfish,42256
Raw herring,345
Raw jubbly,7566
Raw karambwan,3142
Raw lobster,377
Raw mackerel,353
Raw manta ray,389
Raw monkfish,7944
Raw mud pie,7168
Raw oomlie,2337
Raw pike,349
Raw rabbit,3226
Raw rainbow fish,10138
Raw rat meat,2134
Raw rocktail,15270
Raw sailfish,42249
Raw salmon,331
Raw sardine,327
Raw sea turtle,395
Raw shark,383
Raw shrimps,317
Raw summer pie,7216
Raw swordfish,371
Raw trout,335
Raw tuna,359
Raw ugthanki meat,1859
Raw undead beef,4287
Raw undead chicken,4289
Raw wild pie,7206
Raw wilder pie,39887
Raw wolf meat,23058
Raw yak meat,10816
Redberries,1951
Skewered beast,9992
Skewered bird meat,9984
Skewered chompy,7230
Skewered rabbit,7224
Sliced mushrooms,7080
Slimy eel,3379
Spice,2007
Spider carcass,6291
Spider on shaft,6299
Spider on stick,6297
Sweetcorn,5986
Thin snail,3363
Uncooked apple pie,2317
Uncooked berry pie,2321
Uncooked cake,1889
Uncooked curry,2009
Uncooked egg,7076
Uncooked meat pie,2319
Uncooked pizza,2287
Uncooked stew,2001
Wheat,1947
Wildblood hops,6002
Wrapped oomlie,2341
Yanillian hops,5998
Adamant dragon mask,41928
Antlers,12204
Bat mask,13111
Black beret,2635
Black boater,7327
Black cavalier,2643
Black dragon mask,19290
Black elegant legs,10402
Black elegant shirt,10400
Black flowers,2476
Black headband,2647
Black Santa hat,30412
Black unicorn mask,19278
Black wizard robe skirt,1015
Blue beret,2633
Blue boater,7325
Blue boots,630
Blue checkered shirt,41989
Blue dragon mask,19284
Blue elegant blouse,10428
Blue elegant legs,10410
Blue elegant shirt,10408
Blue elegant skirt,10430
Blue flowers,2464
Blue hallowe'en mask,1055
Blue hat,660
Blue partyhat,1042
Blue robe bottoms,650
Blue robe top,640
Bob shirt (black),10322
Bob shirt (blue),10318
Bob shirt (green),10320
Bob shirt (purple),10324
Bob shirt(red),10316
Boots,2924
Bronze dragon mask,19296
Brown headband,2649
Cape,6959
Cat mask,13113
Christmas tree hat,26493
Citizen shoes,9644
Citizen top,9640
Citizen trousers,9642
Cloak of Seasons,31396
Crab hat (tradeable),34936
Cream boots,632
Cream hat,662
Cream robe bottoms,652
Cream robe top,642
Crown of Seasons,28597
Cyclopean helmet,20070
Dark cavalier,2641
Davy kebbit hat,12568
Desert boots,1837
Desert legs,6390
Desert robe,1835
Desert robes,6386
Desert shirt,1833
Desert top,6384
Dragon full helm ornament kit (or),19346
Dragon full helm ornament kit (sp),19354
Dragon kite ornament kit (or),25312
Dragon kite ornament kit (sp),25314
Dragon platebody ornament kit (or),19350
Dragon platebody ornament kit (sp),19358
Dragon platelegs/skirt ornament kit (or),19348
Dragon platelegs/skirt ornament kit (sp),19356
Dragon sq shield ornament kit (or),19352
Dragon sq shield ornament kit (sp),19360
Dragonbone upgrade kit,24352
Dragonstone dragon mask,41931
Eye patch,1025
Feather headdress,12219
Fez,6382
Fish mask,24431
Flared trousers,10394
Flowers,2460
Fox mask,19272
Fremennik boots,3791
Fremennik cloak,3763
Fremennik hat,3797
Fremennik robe,3793
Fremennik shirt,3771
Fremennik skirt,3795
Frost dragon mask,19293
Fury ornament kit,19333
Gilded boater,41946
Gilded cavalier,41948
Gloves,2902
Gloves of silence,10075
Gnome goggles,9472
Gnome scarf,9470
Green boater,7323
Green boots,628
Green checkered shirt,41991
Green dragon mask,19281
Green elegant blouse,10432
Green elegant legs,10414
Green elegant shirt,10412
Green elegant skirt,10434
Green hallowe'en mask,1053
Green hat,658
Green partyhat,1044
Green robe bottoms,648
Green robe top,638
H.a.m. boots,4310
H.a.m. cloak,4304
H.a.m. gloves,4308
H.a.m. hood,4302
H.a.m. logo,4306
H.a.m. robe,4300
H.a.m. shirt,4298
Hat,2940
Highwayman mask,2631
Holly wreath,33628
Hydrix dragon mask,41940
Iron dragon mask,19299
Left eyepatch,13355
Lizard skull,12207
Menap action kilt,6406
Menap headgear,6400
Menaphite robe,6396
Menaphite top,6394
Mithril dragon mask,19305
Ogre boots,12565
Ogre kilt,12561
Ogre top,12563
Ogre wig,12559
Onyx dragon mask,41934
Orange boater,7321
Orange flowers,2470
Pack yak mask,41943
Pantaloons,10396
Penguin mask,13109
Pink boots,626
Pink hat,656
Pink robe bottoms,646
Pink robe top,636
Pink skirt,1013
Pirate bandana (blue),7130
Pirate bandana (brown),7136
Pirate bandana (grey),13370
Pirate bandana (orange),13374
Pirate bandana (purple),13372
Pirate bandana (red),7124
Pirate bandana (white),7112
Pirate boots,7114
Pirate leggings (blue),7132
Pirate leggings (brown),7138
Pirate leggings (grey),13364
Pirate leggings (orange),13368
Pirate leggings (purple),13366
Pirate leggings (red),7126
Pirate leggings (white),7116
Pirate shirt (blue),7128
Pirate shirt (brown),7134
Pirate shirt (grey),13358
Pirate shirt (orange),13362
Pirate shirt (purple),13360
Pirate shirt (red),7122
Pirate shirt (white),7110
Pirate's hat,2651
Pith helmet,13103
Powdered wig,10392
Purple checkered shirt,41993
Purple elegant blouse,10436
Purple elegant legs,10418
Purple elegant shirt,10416
Purple elegant skirt,10438
Purple flowers,2468
Purple partyhat,1046
Reaper ornament kit,41956
Red boater,7319
Red dragon mask,19287
Red elegant blouse,10424
Red elegant legs,10406
Red elegant shirt,10404
Red elegant skirt,10426
Red flowers,2462
Red hallowe'en mask,1057
Red headband,2645
Red partyhat,1038
Robe bottoms,2928
Robe top,2906
Royal amulet,15511
Royal cape,24315
Royal crown,15509
Royal leggings,15505
Royal sceptre,15507
Royal shirt,15503
Rune dragon mask,41937
Samurai kasa,41954
Santa hat,1050
Sheep mask,13107
Shirt,5030
Shorts,5042
Skirt,5048
Sleeping cap,10398
Soul ornament kit,41961
Spotted cape,10069
Spottier cape,10071
Steel dragon mask,19302
Summer prize token,34929
Tan cavalier,2639
Team-1 cape,4315
Team-10 cape,4333
Team-11 cape,4335
Team-12 cape,4337
Team-13 cape,4339
Team-14 cape,4341
Team-15 cape,4343
Team-16 cape,4345
Team-17 cape,4347
Team-18 cape,4349
Team-19 cape,4351
Team-2 cape,4317
Team-20 cape,4353
Team-21 cape,4355
Team-22 cape,4357
Team-23 cape,4359
Team-24 cape,4361
Team-25 cape,4363
Team-26 cape,4365
Team-27 cape,4367
Team-28 cape,4369
Team-29 cape,4371
Team-3 cape,4319
Team-30 cape,4373
Team-31 cape,4375
Team-32 cape,4377
Team-33 cape,4379
Team-34 cape,4381
Team-35 cape,4383
Team-36 cape,4385
Team-37 cape,4387
Team-38 cape,4389
Team-39 cape,4391
Team-4 cape,4321
Team-40 cape,4393
Team-41 cape,4395
Team-42 cape,4397
Team-43 cape,4399
Team-44 cape,4401
Team-45 cape,4403
Team-46 cape,4405
Team-47 cape,4407
Team-48 cape,4409
Team-49 cape,4411
Team-5 cape,4323
Team-50 cape,4413
Team-6 cape,4325
Team-7 cape,4327
Team-8 cape,4329
Team-9 cape,4331
Top hat,13101
Tribal top,6361
Trousers,5040
Turquoise boots,634
Turquoise hat,664
Turquoise robe bottoms,654
Turquoise robe top,644
Villager armband,6359
Villager hat,6365
Villager robe,6353
Villager sandals,6349
Vyrewatch legs,9636
Vyrewatch shoes,9638
Vyrewatch top,9634
White beret,2637
White elegant blouse,10420
White elegant skirt,10422
White flowers,2474
White partyhat,1048
White unicorn mask,19275
Wizard robe skirt,1011
Wolf mask,13115
Woven top,5028
Yellow flowers,2466
Yellow partyhat,1040
Air orb,573
Alchemical onyx,39822
Algarum thread,29864
Ancient scale,43164
Ball of black wool,15416
Ball of wool,1759
Batwing,25549
Black dragon leather,2509
Black dragonhide,1747
Black wool,15415
Blamish bark shell,3353
Blamish blue shell,3361
Blamish myre shell,3345
Blamish ochre shell,3359
Blamish red shell,3357
Blue dragon leather,2505
Blue dragonhide,1751
Blue dye,1767
Bowl (unfired),1791
Bronze wire,1794
Bucket of sand,1783
Bullseye lantern,4544
Carapace,25551
Cave goblin wire,10981
Clay ring (unfired),20052
Clingy mole,30779
Clockwork,8792
Cowhide,1739
Crest of Seren,37027
Crest of Sliske,37021
Crest of Zamorak,37024
Crest of Zaros,37018
Cured yak-hide,10820
Cursed amascut sand,42893
Death notes,39573
Diamond,1601
Dragonstone,1615
Earth orb,575
Emerald,1605
Fine cloth,3470
Fire orb,569
Flax,1779
Fungal flake,22449
Ganodermic flake,22451
Ghostly essence,32341
Green dragon leather,1745
Green dragonhide,1753
Green dye,1771
Grifolic flake,22450
Hair,10814
Hard leather,1743
Hydrix,31855
Imphide,25545
Jade,1611
Lantern lens,4542
Leather,1741
Magic roots,6051
Magic string,6038
Molten glass,1775
Mystic cloth,41223
Oil lantern frame,4540
Onyx,6573
Onyx dust,42954
Opal,1609
Orange dye,1769
Oyster,407
Oyster pearl,411
Oyster pearls,413
Pie dish (unfired),1789
Polypore spore,22448
Pot (unfired),1787
Purple dye,1773
Red dragon leather,2507
Red dragonhide,1749
Red dye,1763
Red topaz,1613
Royal dragon leather,24374
Royal dragonhide,24372
Ruby,1603
Sapphire,1607
Seaweed,401
Serenic essence,37033
Sinew,9436
Sirenic scale,29863
Sliskean essence,37031
Snake hide,6287
Snakeskin,6289
Soda ash,1781
Soft clay,1761
Spider silk,25547
Steel studs,2370
Strip of black cloth,41217
Strip of cloth,3224
Swamp weed,10978
Uncut diamond,1617
Uncut dragonstone,1631
Uncut emerald,1621
Uncut hydrix,31853
Uncut jade,1627
Uncut onyx,6571
Uncut opal,1625
Uncut red topaz,1629
Uncut ruby,1619
Uncut sapphire,1623
Unfired plant pot,5352
Unfired pot lid,4438
Unpowered orb,567
Water orb,571
Woad leaf,1793
Wool,1737
Yak-hide,10818
Yellow dye,1765
Zamorakian essence,37032
Zarosian essence,37030
Abyssal lurker pouch,12037
Abyssal parasite pouch,12035
Abyssal titan pouch,12796
Adamant minotaur pouch,12081
Albino rat pouch,12067
Arctic bear pouch,12057
Barker toad pouch,12123
Beaver pouch,12021
Bloated leech pouch,12061
Blood nihil pouch,31410
Brawler demon pouch,34137
Bronze minotaur pouch,12073
Bull ant pouch,12087
Bunyip pouch,12029
Compost mound pouch,12091
Deacon demon pouch,34141
Desert wyrm pouch,12049
Dreadfowl pouch,12043
Evil turnip pouch,12051
Executioner demon pouch,34139
Fire titan pouch,12802
Forge regent pouch,12782
Fruit bat pouch,12033
Geyser titan pouch,12786
Giant chinchompa pouch,12800
Giant ent pouch,12013
Granite crab pouch,12009
Granite lobster pouch,12069
Honey badger pouch,12065
Hydra pouch,12025
Ibis pouch,12531
Ice nihil pouch,31416
Ice titan pouch,12806
Iron minotaur pouch,12075
Iron titan pouch,12822
Karam. overlord pouch,12023
Lava titan pouch,12788
Light creature pouch,32829
Macaw pouch,12071
Magpie pouch,12041
Meerkats pouch,19622
Mithril minotaur pouch,12079
Moss titan pouch,12804
Nightmare muspah pouch,31328
Obsidian golem pouch,12792
Pack mammoth pouch,36060
Pack yak pouch,12093
Phoenix pouch,14623
Praying mantis pouch,12011
Pyrelord pouch,12816
Ravenous locust pouch,12820
Reborn phoenix pouch,34852
Rune minotaur pouch,12083
Shadow nihil pouch,31412
Smoke devil pouch,12085
Smoke nihil pouch,31414
Spirit cobra pouch,12015
Spirit cockatrice pouch,12095
Spirit coraxatrice pouch,12105
Spirit dagannoth pouch,12017
Spirit graahk pouch,12810
Spirit guthatrice pouch,12097
Spirit jelly pouch,12027
Spirit kalphite pouch,12063
Spirit kyatt pouch,12812
Spirit larupia pouch,12784
Spirit mosquito pouch,12778
Spirit pengatrice pouch,12103
Spirit saratrice pouch,12099
Spirit scorpion pouch,12055
Spirit spider pouch,12059
Spirit terrorbird pouch,12007
Spirit tz-kih pouch,12808
Spirit vulatrice pouch,12107
Spirit wolf pouch,12047
Spirit zamatrice pouch,12101
Steel minotaur pouch,12077
Steel titan pouch,12790
Stranger plant pouch,12045
Swamp titan pouch,12776
Talon beast pouch,12794
Thorny snail pouch,12019
Unicorn stallion pouch,12039
Vampyre bat pouch,12053
Void ravager pouch,12818
Void shifter pouch,12814
Void spinner pouch,12780
Void torcher pouch,12798
War tortoise pouch,12031
Wolpertinger pouch,12089
Cadava berries,753
Coconut,5976
Coconut shell,5978
Evil turnip,12134
Jute fibre,5931
Leaves,6030
Maple roots,6047
Marigolds,6010
Nasturtiums,6012
Oak roots,6043
Rosemary,6014
Willow branch,5933
Willow roots,6045
Yew roots,6049
Adamant arrowheads,43
Adamant bolts (unf),9380
Adamant crossbow (u),9463
Adamant dart tip,823
Adamantite limbs,9429
Arrow shaft,52
Barb bolttips,47
Bowstring,1777
Broad arrowheads,13278
Bronze arrowheads,39
Bronze bolts (unf),9375
Bronze crossbow (u),9454
Bronze dart tip,819
Bronze limbs,9420
Crossbow string,9438
Dark arrowheads,29729
Diamond bolt tips,9192
Dragon arrowheads,11237
Dragon bolt tips,9193
Dragon crossbow (u),25478
Dragon dart tip,11232
Dragon limbs,25481
Elder shieldbow (u),29734
Elder shortbow (u),29736
Emerald bolt tips,9190
Feather,314
Flighted ogre arrow,2865
Headless arrow,53
Hydrix bolt tips,31867
Iron arrowheads,40
Iron bolts (unf),9377
Iron crossbow (u),9457
Iron dart tip,820
Iron limbs,9423
Jade bolt tips,9187
Magic shieldbow (u),70
Magic shortbow (u),72
Magic stock,25483
Mahogany stock,9450
Maple shieldbow (u),62
Maple shortbow (u),64
Maple stock,9448
Mithril arrowheads,42
Mithril bolts (unf),9379
Mithril crossbow (u),9461
Mithril dart tip,822
Mithril grapple (unf),9418
Mithril grapple tip,9416
Mithril limbs,9427
Mutated vine,21358
Oak shieldbow (u),56
Oak shortbow (u),54
Oak stock,9442
Ogre arrow shaft,2864
Onyx bolt tips,9194
Opal bolt tips,45
Pearl bolt tips,46
Ruby bolt tips,9191
Rune arrowheads,44
Rune dart tip,824
Runite bolts (unf),9381
Runite crossbow (u),9465
Runite limbs,9431
Sapphire bolt tips,9189
Shieldbow (u),48
Shortbow (u),50
Silver bolts (unf),9382
Stalker essence,41589
Steel arrowheads,41
Steel bolts (unf),9378
Steel crossbow (u),9459
Steel dart tip,821
Steel limbs,9425
Teak stock,9446
Topaz bolt tips,9188
Unfinished broad bolts,13279
Unstrung comp bow,4825
Willow shieldbow (u),58
Willow shortbow (u),60
Willow stock,9444
Wolf bone arrowheads,2861
Wooden stock,9440
Yew shieldbow (u),66
Yew shortbow (u),68
Yew stock,9452
Admiral pie,7198
Anchovies,319
Anchovy pizza,2297
Apple pie,2323
Apples (5),5386
Asgarnian ale (1),5779
Asgarnian ale (2),5781
Asgarnian ale (3),5783
Asgarnian ale (4),5785
Asgarnian ale (m),5739
Asgarnian ale (m1),5859
Asgarnian ale (m2),5861
Asgarnian ale (m3),5863
Asgarnian ale (m4),5865
Axeman's folly,5751
Axeman's folly (1),5819
Axeman's folly (2),5821
Axeman's folly (3),5823
Axeman's folly (4),5825
Axeman's folly (m),5753
Axeman's folly (m1),5899
Axeman's folly (m2),5901
Axeman's folly (m3),5903
Axeman's folly (m4),5905
Baguette,6961
Baked potato,6701
Banana,1963
Bananas (5),5416
Bandit's brew,4627
Bass,365
Beer,1917
Beltfish,40297
Blue blubber jellyfish,42267
Blurberry Special,2064
Brandy,2021
Bread,2309
Button mushroom,13563
Cabbage,1965
Cabbages (10),5478
Cake,1891
Catfish,40295
Cave eel,5003
Cavefish,15266
Cheese,1985
Cheese+tom batta,2259
Chef's delight (1),5827
Chef's delight (2),5829
Chef's delight (3),5831
Chef's delight (4),5833
Chef's delight (m),5757
Chef's delight (m1),5907
Chef's delight (m2),5909
Chef's delight (m3),5911
Chef's delight (m4),5913
Chilli con carne,7062
Chilli potato,7054
Choc-ice,6794
Chocchip crunchies,2209
Chocolate bomb,2185
Chocolate cake,1897
Chocolate Saturday,2074
Chocolate slice,1901
Chopped onion,1871
Chopped tomato,1869
Chopped tuna,7086
Cider,5763
Cider (1),5843
Cider (2),5845
Cider (3),5847
Cider (4),5849
Cider (m1),5923
Cider (m2),5925
Cider (m3),5927
Cider (m4),5929
Cod,339
Cooked chicken,2140
Cooked chompy,2878
Cooked crab meat,7521
Cooked eeligator,35199
Cooked jubbly,7568
Cooked karambwan,3144
Cooked meat,2142
Cooked oomlie wrap,2343
Cooked rabbit,3228
Cooked slimy eel,3381
Cooked sweetcorn,5988
Cooked undead chicken,4291
Cooked undead meat,4293
Crayfish,13433
Cup of tea,1978
Curry,2011
Desert sole,40293
Doughnut,14665
Dragon bitter (1),5803
Dragon bitter (2),5805
Dragon bitter (3),5807
Dragon bitter (4),5809
Dragon bitter (m),5745
Dragon bitter (m1),5883
Dragon bitter (m2),5885
Dragon bitter (m3),5887
Dragon bitter (m4),5889
Drunk Dragon,2092
Dwarven stout,1913
Dwarven stout (1),5771
Dwarven stout (2),5773
Dwarven stout (3),5775
Dwarven stout (4),5777
Dwarven stout (m),5747
Dwarven stout (m1),5851
Dwarven stout (m2),5853
Dwarven stout (m3),5855
Dwarven stout (m4),5857
Easter egg,1961
Edible seaweed,403
Egg and tomato,7064
Egg potato,7056
Fat snail meat,3373
Field ration,7934
Fish pie,7188
Fried mushrooms,7082
Fried onions,7084
Fruit batta,2277
Fruit Blast,2084
Garden pie,7178
Giant frog legs,4517
Gin,2019
Gorajian mushroom,22446
Great gunkan,34736
Great maki,34734
Great white shark,34729
Green blubber jellyfish,42258
Greenman's ale (1),5787
Greenman's ale (2),5789
Greenman's ale (3),5791
Greenman's ale (4),5793
Greenman's ale (m),5743
Greenman's ale (m1),5867
Greenman's ale (m2),5869
Greenman's ale (m3),5871
Greenman's ale (m4),5873
Grog,1915
Half a fish pie,7190
Half a garden pie,7180
Half a meat pie,2331
Half a redberry pie,2333
Half a summer pie,7220
Half a wild pie,7210
Half a wilder pie,39891
Half an admiral pie,7200
Half an apple pie,2335
Half anchovy pizza,2299
Half full wine jug,1989
Half meat pizza,2295
Half pineapple pizza,2303
Half plain pizza,2291
Heated tea flask,41987
Herring,347
Jug of wine,1993
Kebab,1971
Keg of beer,3801
Lean snail meat,3371
Lobster,379
Mackerel,355
Manta ray,391
Mature cider,5765
Mature pigswill,28661
Mature wmb,5741
Meat pie,2327
Meat pizza,2293
Minced meat,7070
Mind bomb (1),5795
Mind bomb (2),5797
Mind bomb (3),5799
Mind bomb (4),5801
Mind bomb (m1),5875
Mind bomb (m2),5877
Mind bomb (m3),5879
Mind bomb (m4),5881
Mint cake,9475
Monkfish,7946
Moonlight mead,2955
Moonlight mead (1),5811
Moonlight mead (2),5813
Moonlight mead (3),5815
Moonlight mead (4),5817
Moonlight mead (m),5749
Moonlight mead (m1),5891
Moonlight mead (m2),5893
Moonlight mead (m3),5895
Moonlight mead (m4),5897
Mud pie,7170
Mushroom & onion,7066
Mushroom potato,7058
Onion,1957
Onion & tomato,1875
Onions (10),5458
Oranges (5),5396
Papaya fruit,5972
Pigswill,28659
Pigswill (1),28667
Pigswill (2),28669
Pigswill (3),28671
Pigswill (4),28673
Pigswill (m1),28675
Pigswill (m2),28677
Pigswill (m3),28679
Pigswill (m4),28681
Pike,351
Pineapple pizza,2301
Pineapple Punch,2048
Pitta bread,1865
Plain pizza,2289
Poorly-cooked beast meat,23062
Poorly-cooked bird meat,23060
Portent of degradation I,31313
Portent of degradation II,31315
Portent of degradation III,31317
Portent of restoration I,29239
Portent of restoration II,29241
Portent of restoration III,29243
Portent of restoration IV,29245
Portent of restoration IX,29255
Portent of restoration V,29247
Portent of restoration VI,29249
Portent of restoration VII,29251
Portent of restoration VIII,29253
Portent of restoration X,29257
Potato with butter,6703
Potato with cheese,6705
Potatoes (10),5438
Premade Blurberry Special,2028
Premade c+t batta,2223
Premade choc bomb,2229
Premade chocolate chip crunchies,2239
Premade Chocolate Saturday,2030
Premade Drunk Dragon,2032
Premade fruit batta,2225
Premade Fruit Blast,2034
Premade Pineapple Punch,2036
Premade Short Green Guy,2038
Premade spicy crunchies,2241
Premade toad batta,2221
Premade toad crunchies,2243
Premade ttl,2231
Premade veg ball,2235
Premade veg batta,2227
Premade Wizard Blizzard,2040
Premade worm batta,2219
Premade worm crunchies,2237
Premade worm hole,2233
Pumpkin,1959
Purple sweets,10476
Rabbit sandwich,23065
Rainbow fish,10136
Ranger's aid,15119
Ranger's aid (m),15121
Raw potato,1942
Redberry pie,2325
Roast beast meat,9988
Roast bird meat,9980
Roast rabbit,7223
Rocktail,15272
Rocktail soup,26313
Roll,6963
Sailfish,42251
Sailfish soup,42254
Salmon,329
Sardine,325
Scrambled egg,7078
Sea turtle,397
Shark,385
Short Green Guy,2080
Shrimps,315
Skewered kebab,15123
Slayer respite (m1),5915
Slayer respite (m2),5917
Slayer respite (m3),5919
Slayer respite (m4),5921
Slayer's respite,5759
Slayer's respite (1),5835
Slayer's respite (2),5837
Slayer's respite (3),5839
Slayer's respite (4),5841
Slayer's respite (m),5761
Slice of cake,1895
Sliced banana,3162
Spicy crunchies,2213
Spicy minced meat,9996
Spicy sauce,7072
Spicy tomato,9994
Square sandwich,6965
Squeck juice,40648
Stew,2003
Strange fruit,464
Strawberries (5),5406
Strawberry,5504
Summer pie,7218
Super kebab,4608
Swordfish,373
Tangled toads' legs,2187
Thin snail meat,3369
Toad batta,2255
Toad crunchies,2217
Tomato,1982
Tomatoes (5),5968
Triangle sandwich,6962
Trout,333
Tuna,361
Tuna and corn,7068
Tuna potato,7060
Ugthanki kebab,1883
Ugthanki meat,1861
Veg ball,2195
Vegetable batta,2281
Vodka,2015
Watermelon,5982
Watermelon slice,5984
Whisky,2017
Wild pie,7208
Wilder pie,39889
Wizard Blizzard,2054
Wizard's mind bomb,1907
Worm batta,2253
Worm crunchies,2205
Worm hole,2191
Adrenaline crystal,39067
Ashes,592
Avantoe potion (unf),103
Bloodweed potion (unf),37973
Blue dragon scale,243
Bowl of hot water,4456
Bull horns,43993
Cactus spine,6016
Cadantine potion (unf),107
Caviar,11326
Chinchompa residue,43973
Clean avantoe,261
Clean bloodweed,37953
Clean cadantine,265
Clean dwarf weed,267
Clean fellstalk,21624
Clean guam,249
Clean harralander,255
Clean irit,259
Clean kwuarm,263
Clean lantadyme,2481
Clean marrentill,251
Clean ranarr,257
Clean snapdragon,3000
Clean spirit weed,12172
Clean tarromin,253
Clean toadflax,2998
Clean torstol,269
Clean wergali,14854
Cockatrice egg,12109
Coconut milk,5935
Crushed nest,6693
Crystal flask,32843
Cup of hot water,4460
Cup of water,4458
Desert goat horn,9735
Dragon scale dust,241
Dwarf weed potion (unf),109
Eye of newt,221
Fallfaced wool,43981
Fellstalk potion (unf),21628
Goat horn dust,9736
Grimy avantoe,211
Grimy bloodweed,37975
Grimy cadantine,215
Grimy dwarf weed,217
Grimy fellstalk,21626
Grimy guam,199
Grimy harralander,205
Grimy irit,209
Grimy kwuarm,213
Grimy lantadyme,2485
Grimy marrentill,201
Grimy ranarr,207
Grimy snapdragon,3051
Grimy spirit weed,12174
Grimy tarromin,203
Grimy toadflax,3049
Grimy torstol,219
Grimy wergali,14836
Guam potion (unf),91
Guthix balance (unf),7658
Harmony moss,32947
Harralander potion (unf),97
Irit potion (unf),101
Jangerberries,247
Juju vial,19996
Juju vial of water,19994
Kebbit teeth dust,10111
Kwuarm potion (unf),105
Lantadyme potion (unf),2483
Leaping salmon,11330
Leaping sturgeon,11332
Leaping trout,11328
Limpwurt root,225
Marrentill potion (unf),93
Mixture - step 1 (1),10915
Mixture - step 1 (2),10913
Mixture - step 1 (3),10911
Mixture - step 1 (4),10909
Mixture - step 2 (1),10923
Mixture - step 2 (2),10921
Mixture - step 2 (3),10919
Mixture - step 2 (4),10917
Morchella mushroom,21622
Mort myre fungus,2970
Mycelial webbing,43995
Nail beast nails,10937
Poison ivy berries,6018
Potato cactus,3138
Potion flask,23191
Rabbit teeth,43985
Ranarr potion (unf),99
Red spiders' eggs,223
Roe,11324
Rogue's purse potion (unf),4840
Silver dust,7650
Snapdragon potion (unf),3004
Snape grass,231
Spider fangs,43987
Spider venom,43997
Spirit weed potion (unf),12181
Springsheared wool,43977
Summerdown wool,43975
Swamp tar,1939
Swamp toad,2150
Tarromin potion (unf),95
Toad's legs,2152
Toadflax potion (unf),3002
Torstol potion (unf),111
Unicorn horn,237
Unicorn horn dust,235
Vampyre dust,3325
Vial,229
Vial of water,227
Wergali potion (unf),14856
White berries,239
Wine of Guthix,28253
Wine of Saradomin,28256
Wine of Zamorak,245
Winterwold wool,43979
Yak milk,43989
Yak tuft,43991
Zygomite fruit,43983
Anchovy oil,11264
Anchovy paste,11266
Bird snare,10006
Black bead,1474
Box trap,10008
Butterfly jar,10012
Butterfly net,10010
Desert camo legs,10063
Desert camo top,10061
Graahk headdress,10051
Graahk legs,10047
Graahk top,10049
Hunter kit,11159
Imp repellent,11262
Impling jar,11260
Jungle camo legs,10059
Jungle camo top,10057
Kyatt hat,10039
Kyatt legs,10035
Kyatt top,10037
Larupia hat,10045
Larupia legs,10041
Larupia top,10043
Magic box,10025
Marasamaw plant,19965
Noose wand,10150
Polar camo legs,10067
Polar camo top,10065
Rabbit snare,10031
Red bead,1470
Teasing stick,10029
White bead,1476
Wood camo legs,10055
Wood camo top,10053
Yellow bead,1472
Baby impling jar,11238
Black salamander,10148
Black warlock,10014
Blue feather,10089
Common kebbit fur,10121
Crystal impling jar,32272
Dark kebbit fur,10115
Dashing kebbit fur,10127
Desert devil fur,10123
Diseased kebbit fur,12567
Divine impling jar,31335
Dragon impling jar,11256
Earth impling jar,11244
Eclectic impling jar,11248
Essence impling jar,11246
Feldip weasel fur,10119
Gourmet impling jar,11242
Graahk fur,10099
Grenwall spikes,12539
Kebbit claws,10113
Kebbit spike,10105
Kebbit teeth,10109
Kingly impling jar,15517
Kyatt fur,10103
Larupia fur,10095
Long kebbit spike,10107
Magpie impling jar,11252
Nature impling jar,11250
Ninja impling jar,11254
Orange feather,10091
Orange salamander,10146
Pirate impling jar,13337
Polar kebbit fur,10117
Rabbit foot,10134
Raw pawya meat,12535
Red feather,10088
Red salamander,10147
Ruby harvest,10020
Sapphire glacialis,10018
Snowy knight,10016
Spirit impling jar,15513
Spotted kebbit fur,10125
Stripy feather,10087
Swamp lizard,10149
Tatty graahk fur,10097
Tatty kyatt fur,10101
Tatty larupia fur,10093
Wimpy feather,11525
Yellow feather,10090
Young impling jar,11240
Zombie impling jar,15515
Alchemical onyx ring,39810
Amulet of accuracy,1478
Amulet of bountiful harvest,39361
Amulet of defence,1729
Amulet of farming (1),12608
Amulet of fury,6585
Amulet of fury (t),33502
Amulet of glory,1704
Amulet of glory (4),1712
Amulet of glory (t),10362
Amulet of glory (t4),10354
Amulet of magic,1727
Amulet of magic (t),10366
Amulet of power,1731
Amulet of ranging,15126
Amulet of souls,31875
Amulet of strength,1725
Amulet of the forsaken,39061
Archers' ring,6733
Berserker necklace,11128
Berserker ring,6737
Binding necklace,5521
Botanist's amulet,39373
Bracelet of clay,11074
Brass necklace,1009
Castle wars brace (1),11083
Castle wars brace (3),11079
Clay ring,20053
Columbarium ring,39376
Combat bracelet,11126
Combat bracelet (4),11118
Deathtouch bracelet,31878
Diamond amulet,1681
Diamond bracelet,11092
Diamond necklace,1662
Diamond ring,1643
Dragon necklace,1664
Dragonstone amulet,1683
Dragonstone bracelet,11115
Dragonstone ring,1645
Emerald amulet,1696
Emerald bracelet,11076
Emerald necklace,1658
Emerald ring,1639
Enlightened amulet,39385
Evening masquerade mask,41984
Featherfingered necklace,39358
Flamtaer bracelet,39367
Forinthry bracelet (1),11103
Forinthry bracelet (5),11095
Games necklace (1),3867
Games necklace (8),3853
Gold amulet,1692
Gold bracelet,11069
Gold necklace,1654
Gold ring,1635
Hazelmere's signet ring,39814
Headhunter's sacrifice,39355
Headhunter's thrill,39379
Holy symbol,1718
Hydrix amulet,31861
Hydrix bracelet,31865
Hydrix necklace,31859
Hydrix ring,31857
Inoculation brace,11088
Jade amulet,39338
Jade bracelet,39334
Jade necklace,39336
Jade ring,39332
Leviathan ring,30576
Luck of the dwarves,39812
Necklace of gluttony,39382
Onyx amulet,6581
Onyx bracelet,11130
Onyx necklace,6577
Onyx ring,6575
Opal amulet,39328
Opal bracelet,39324
Opal necklace,39326
Opal ring,39322
Phoenix necklace,11090
Pre-nature amulet,6041
Reaper necklace,31872
Regen bracelet,11133
Ring of death,31869
Ring of duelling (1),2566
Ring of duelling (8),2552
Ring of forging,2568
Ring of fortune,39808
Ring of life,2570
Ring of luck,39818
Ring of metamorphosis,39352
Ring of recoil,2550
Ring of respawn,39364
Ring of stone,6583
Ring of wealth,2572
Ring of wealth (4),20659
Ruby amulet,1679
Ruby bracelet,11085
Ruby necklace,1660
Ruby ring,1641
Sapphire amulet,1694
Sapphire bracelet,11072
Sapphire necklace,1656
Sapphire ring,1637
Saradomin's hiss,25031
Saradomin's murmur,25034
Saradomin's whisper,25028
Seers' ring,6731
Skills necklace,11113
Skills necklace (4),11105
Strength amulet (t),10364
Strung rabbit foot,10132
Topaz amulet,39350
Topaz bracelet,39344
Topaz necklace,39346
Topaz ring,39342
Traveller's necklace,39370
Tuxedo cravat,41974
Unblessed symbol,1716
Unholy symbol,1724
Unpowered symbol,1722
Unstrung emblem,1720
Unstrung symbol,1714
Warrior ring,6735
Ahrim's hood,4708
Ahrim's hood (broken),4860
Ahrim's robe skirt,4714
Ahrim's robe skirt (broken),4878
Ahrim's robe top,4712
Ahrim's robe top (broken),4872
Anima Core body of Seren,37055
Anima Core body of Sliske,37064
Anima Core helm of Seren,37052
Anima Core helm of Sliske,37061
Anima Core legs of Seren,37058
Anima Core legs of Sliske,37067
Barrows - Ahrim's set,11846
Battle hood 0,12871
Battle robe bottom 0,12885
Battle robe top 0,12878
Batwing boots,25833
Batwing gloves,25829
Batwing hood,25825
Batwing legs,25831
Batwing shield,25802
Batwing torso,25827
Black wizard boots,41227
Black wizard gloves,41206
Black wizard hat,1017
Black wizard robe top,581
Black wizard shield,41202
Body body,18695
Body boots,20452
Body gloves,20462
Body helmet,18693
Body shield,18691
Boots of subjugation,25004
Celestial handwraps,31189
Chaos body,20446
Chaos boots,20456
Chaos gloves,20466
Chaos helmet,20442
Chaos shield,20438
Corrupt Zuriel's hood,13938
Corrupt Zuriel's robe bottom,13935
Corrupt Zuriel's robe top,13932
Cosmic body,20444
Cosmic boots,20454
Cosmic gloves,20464
Cosmic helmet,20440
Cosmic shield,20436
Crystal body,35404
Crystal helm,35400
Crystal legs,35408
Crystal ward,32237
Dagon'hai hat,14499
Dagon'hai robe bottom,14501
Dagon'hai robe top,14497
Dagon'hai robes set,14525
Dark mystic boots,4107
Dark mystic gloves,4105
Dark mystic hat,4099
Dark mystic robe bottom,4103
Dark mystic robe top,4101
Dark mystic robes set,11962
Dormant Anima Core body,37012
Dormant Anima Core helm,37009
Dormant Anima Core legs,37015
Dragon ward,31373
Druidic mage bottom 0,12906
Druidic mage hood 0,12892
Druidic mage top 0,12899
Elemental body,18699
Elemental boots,20448
Elemental gloves,20458
Elemental helmet,9729
Elemental shield,2890
Elite tectonic mask,43166
Elite tectonic robe bottom,43172
Elite tectonic robe top,43169
Enchanted hat,7400
Enchanted robe,7398
Enchanted top,7399
Farseer helm,3755
Fungal leggings,22462
Fungal poncho,22466
Fungal visor,22458
Ganodermic leggings,22486
Ganodermic poncho,22490
Ganodermic visor,22482
Garb of subjugation,24995
Gloves of subjugation,25007
Gown of subjugation,24998
Grifolic gloves,25879
Grifolic leggings,22474
Grifolic poncho,22478
Grifolic shield,25814
Grifolic visor,22470
Hailfire boots,34984
Hexcrest,15488
Hood of subjugation,24992
Imphide boots,25853
Imphide gloves,25851
Imphide hood,25845
Imphide robe bottom,25849
Imphide robe top,25847
Imphide shield,25855
Infinity boots,6920
Infinity bottoms,6924
Infinity gloves,6922
Infinity hat,6918
Infinity robes set,11874
Infinity top,6916
Light mystic boots,4117
Light mystic gloves,4115
Light mystic hat,4109
Light mystic robe bottom,4113
Light mystic robe top,4111
Light mystic robes set,11960
Mages' book,6889
Merciless kiteshield,30022
Mind body,18697
Mind boots,20450
Mind gloves,20460
Mind helmet,9733
Mind shield,9731
Mycelium leggings web,22454
Mycelium poncho web,22456
Mycelium visor web,22452
Mystic boots,4097
Mystic gloves,4095
Mystic hat,4089
Mystic robe bottom,4093
Mystic robe top,4091
Mystic robes set,11872
Mystic shield,25812
Ragefire gland,34976
Robes of subjugation set,40928
Second-Age mage mask,41869
Second-Age robe bottom,41873
Second-Age robe top,41871
Skeletal armour set,11946
Skeletal boots,6147
Skeletal bottoms,6141
Skeletal gloves,6153
Skeletal helm,6137
Skeletal top,6139
Spellstorm drape,23052
Spider silk boots,25841
Spider silk gloves,25843
Spider silk hood,25835
Spider silk robe bottom,25839
Spider silk robe top,25837
Spider silk shield,41204
Splitbark armour set,11876
Splitbark body,3387
Splitbark boots,3393
Splitbark gauntlets,3391
Splitbark helm,3385
Splitbark legs,3389
Splitbark shield,25804
Static gloves,27481
Tectonic mask,28608
Tectonic robe bottom,28614
Tectonic robe top,28611
Third-age amulet,10344
Third-age mage hat,10342
Third-age robe,10340
Third-age robe top,10338
Virtus boots,25066
Virtus gloves,25062
Virtus mask,20159
Virtus robe legs,20167
Virtus robe top,20163
Ward of subjugation,25001
Wizard boots,41225
Wizard boots (t),2579
Wizard gloves,25873
Wizard hat,579
Wizard hat (g),7394
Wizard hat (t),7396
Wizard robe skirt (g),7386
Wizard robe skirt (t),7388
Wizard robe top,577
Wizard robe top (g),7390
Wizard robe top (t),7392
Wizard shield,41200
Zamorak robe,1035
Zuriel's hood,13864
Zuriel's robe bottom,13861
Zuriel's robe top,13858
Abyssal orb,30828
Abyssal wand,30825
Ahrim's book of magic,25672
Ahrim's book of magic (broken),36808
Ahrim's staff,4710
Ahrim's staff (broken),4866
Ahrim's wand,25652
Ahrim's wand (broken),36811
Air battlestaff,1397
Ancient staff,4675
Apprentice wand,6910
Bat staff,19327
Battlestaff,1391
Batwing book,25660
Batwing wand,25648
Beginner wand,6908
Cat staff,19331
Corrupt Zuriel's staff,13941
Crystal orb,32216
Crystal staff,32210
Crystal wand,32213
Dormant Staff of Sliske,37624
Dragon battlestaff,29540
Dragon staff,19323
Earth battlestaff,1399
Elemental battlestaff,41885
Fire battlestaff,1393
Grifolic orb,25666
Grifolic wand,25638
Guthix crozier,10442
Imp horn wand,25642
Imperium core,39579
Imphide book,25662
Lava battlestaff,3053
Magic staff,1389
Master wand,6914
Mud battlestaff,6562
Mystic air staff,1405
Mystic earth staff,1407
Mystic fire staff,1401
Mystic lava staff,3054
Mystic mud staff,6563
Mystic orb,25668
Mystic steam staff,11738
Mystic wand,25644
Mystic water staff,1403
Noxious staff,31729
Obliteration,39057
Orb of the Cywir elders,40600
Penguin staff,19325
Polypore staff,22494
Polypore stick,22498
Saradomin crozier,10440
Second-Age staff,41875
Seismic singularity,28621
Seismic wand,28617
Slayer's staff,4170
Spider orb,25658
Spider wand,25650
Splitbark orb,25670
Splitbark wand,25640
Staff,1379
Staff of air,1381
Staff of earth,1385
Staff of fire,1387
Staff of light,15486
Staff of Sliske,37636
Staff of water,1383
Steam battlestaff,11736
Teacher wand,6912
Toktz-mej-tal,6526
Virtus book,25664
Virtus wand,25654
Wand of the Cywir elders,37085
Wand of the praesul,39574
Wand of treachery,27641
Water battlestaff,1395
White magic staff,6603
Wizard book,25656
Wizard wand,25646
Wolf staff,19329
Zamorak crozier,10444
Zuriel's staff,13867
Adamant armour set (lg),11834
Adamant armour set (sk),11836
Adamant berserker shield 0,12920
Adamant boots,4129
Adamant chainbody,1111
Adamant full helm,1161
Adamant full helm (g),2613
Adamant full helm (t),2605
Adamant gauntlets,13000
Adamant helm,1145
Adamant helm (h1),10296
Adamant helm (h2),10298
Adamant helm (h3),10300
Adamant helm (h4),10302
Adamant helm (h5),10304
Adamant kiteshield,1199
Adamant kiteshield (g),2611
Adamant kiteshield (t),2603
Adamant platebody,1123
Adamant platebody (g),2607
Adamant platebody (h1),19173
Adamant platebody (h2),19194
Adamant platebody (h3),19215
Adamant platebody (h4),19236
Adamant platebody (h5),19257
Adamant platebody (t),2599
Adamant platelegs,1073
Adamant platelegs (g),2609
Adamant platelegs (h1),19175
Adamant platelegs (h2),19196
Adamant platelegs (h3),19217
Adamant platelegs (h4),19238
Adamant platelegs (h5),19259
Adamant platelegs (t),2601
Adamant plateskirt,1091
Adamant plateskirt (g),3475
Adamant plateskirt (h1),19177
Adamant plateskirt (h2),19198
Adamant plateskirt (h3),19219
Adamant plateskirt (h4),19240
Adamant plateskirt (h5),19261
Adamant plateskirt (t),3474
Adamant shield (h1),7334
Adamant shield (h2),7340
Adamant shield (h3),7346
Adamant shield (h4),7352
Adamant shield (h5),7358
Adamant spikeshield 0,12913
Adamant sq shield,1183
Anti-dragon shield,1540
Backstab cape,33520
Bag of clues,41904
Black armour set (lg),11826
Black armour set (sk),11828
Black boots,4125
Black chainbody,1107
Black full helm,1165
Black full helm (g),2595
Black full helm (t),2587
Black gauntlets,12994
Black helm,1151
Black helm (h1),10306
Black helm (h2),10308
Black helm (h3),10310
Black helm (h4),10312
Black helm (h5),10314
Black kiteshield,1195
Black kiteshield (g),2597
Black kiteshield (t),2589
Black mask,8921
Black mask (10),8901
Black platebody,1125
Black platebody (g),2591
Black platebody (h1),19167
Black platebody (h2),19188
Black platebody (h3),19209
Black platebody (h4),19230
Black platebody (h5),19251
Black platebody (t),2583
Black platelegs,1077
Black platelegs (g),2593
Black platelegs (h1),19169
Black platelegs (h2),19190
Black platelegs (h3),19211
Black platelegs (h4),19232
Black platelegs (h5),19253
Black platelegs (t),2585
Black plateskirt,1089
Black plateskirt (g),3473
Black plateskirt (h1),19171
Black plateskirt (h2),19192
Black plateskirt (h3),19213
Black plateskirt (h4),19234
Black plateskirt (h5),19255
Black plateskirt (t),3472
Black shield (h1),7332
Black shield (h2),7338
Black shield (h3),7344
Black shield (h4),7350
Black shield (h5),7356
Black sq shield,1179
Bladestorm drape,23048
Blood'n'tar snelm (pointed),3339
Blood'n'tar snelm (round),3329
Broken bark snelm (round),3335
Bronze armour set (lg),11814
Bronze armour set (sk),11816
Bronze boots,4119
Bronze chainbody,1103
Bronze full helm,1155
Bronze gauntlets,12985
Bronze helm,1139
Bronze kiteshield,1189
Bronze platebody,1117
Bronze platelegs,1075
Bronze plateskirt,1087
Bronze sq shield,1173
Broodoo shield,6235
Broodoo shield (10),6215
Bruise blue snelm (pointed),3343
Bruise blue snelm (round),3333
Combat hood 0,12969
Combat robe bottom 0,12983
Combat robe top 0,12976
Corrupt Statius's full helm,13920
Corrupt statius's platebody,13908
Corrupt Statius's platelegs,13914
Corrupt Vesta's chainbody,13911
Corrupt Vesta's plateskirt,13917
Explosive barrel,33516
Fremennik round shield,10826
Iron armour set (lg),11818
Iron armour set (sk),11820
Iron boots,4121
Iron chainbody,1101
Iron full helm,1153
Iron gauntlets,12988
Iron helm,1137
Iron kiteshield,1191
Iron platebody,1115
Iron platelegs,1067
Iron plateskirt,1081
Iron sq shield,1175
Leather boots,1061
Leather gloves,1059
Mirror shield,4156
Mithril armour set (lg),11830
Mithril armour set (sk),11832
Mithril boots,4127
Mithril chainbody,1109
Mithril full helm,1159
Mithril gauntlets,12997
Mithril helm,1143
Mithril kiteshield,1197
Mithril platebody,1121
Mithril platelegs,1071
Mithril plateskirt,1085
Mithril sq shield,1181
Myre snelm,3327
Myre snelm (pointed),3337
Ochre snelm (pointed),3341
Ochre snelm (round),3331
Rock climbing boots,3105
Sack of effigies,33518
Spiked helmet,13105
Steel armour set (lg),11822
Steel armour set (sk),11824
Steel boots,4123
Steel chainbody,1105
Steel full helm,1157
Steel gauntlets,12991
Steel helm,1141
Steel kiteshield,1193
Steel platebody,1119
Steel platelegs,1069
Steel plateskirt,1083
Steel sq shield,1177
Tribal mask (blue),6339
Tribal mask (green),6335
Tribal mask (orange),6337
Tyras helm,9629
White boots,6619
White chainbody,6615
White full helm,6623
White gauntlets,6629
White helm,6621
White kiteshield,6633
White platebody,6617
White platelegs,6625
White plateskirt,6627
White sq shield,6631
Wooden shield,1171
Berserker helm,3751
Corrupt dragon chainbody,13958
Corrupt dragon helm,13961
Corrupt dragon platelegs,13970
Corrupt dragon plateskirt,13967
Corrupt dragon sq shield,13964
Crystal shield,32240
Dragon boots,11732
Dragon chain armour set (lg),11842
Dragon chain armour set (sk),11844
Dragon chainbody,3140
Dragon full helm,11335
Dragon gauntlets,13006
Dragon helm,1149
Dragon kiteshield,24365
Dragon plate armour set (lg),14529
Dragon plate armour set (sk),14531
Dragon platebody,14479
Dragon platelegs,4087
Dragon plateskirt,4585
Dragon sq shield,1187
Dwarven helmet,11200
Elite black armour set,14527
Elite black full helm,14494
Elite black platebody,14492
Elite black platelegs,14490
Granite body,10564
Granite helm,10589
Granite legs,6809
Granite shield,3122
Gud raider chainbody,34830
Gud raider shield,34832
Helm of neitiznot,10828
Obsidian cape,6568
Pernix armour set,30905
Reefwalker's cape,30568
Rock-shell armour set,11942
Rock-shell boots,6145
Rock-shell gloves,6151
Rock-shell helm,6128
Rock-shell legs,6130
Rock-shell plate,6129
Ruined dragon armour lump,14472
Ruined dragon armour shard,14476
Ruined dragon armour slice,14474
Rune armour set (lg),11838
Rune armour set (sk),11840
Rune berserker shield 0,12934
Rune boots,4131
Rune chainbody,1113
Rune full helm,1163
Rune full helm (Ancient),19407
Rune full helm (Armadyl),19422
Rune full helm (Bandos),19437
Rune full helm (g),2619
Rune full helm (Gilded),3486
Rune full helm (Guthix),2673
Rune full helm (Saradomin),2665
Rune full helm (t),2627
Rune full helm (Zamorak),2657
Rune gauntlets,13003
Rune helm,1147
Rune helm (h1),10286
Rune helm (h2),10288
Rune helm (h3),10290
Rune helm (h4),10292
Rune helm (h5),10294
Rune kiteshield,1201
Rune kiteshield (Ancient),19410
Rune kiteshield (Armadyl),19425
Rune kiteshield (Bandos),19440
Rune kiteshield (g),2621
Rune kiteshield (Gilded),3488
Rune kiteshield (Guthix),2675
Rune kiteshield (Saradomin),2667
Rune kiteshield (t),2629
Rune kiteshield (Zamorak),2659
Rune platebody,1127
Rune platebody (Ancient),19398
Rune platebody (Armadyl),19413
Rune platebody (Bandos),19428
Rune platebody (g),2615
Rune platebody (Gilded),3481
Rune platebody (Guthix),2669
Rune platebody (h1),19179
Rune platebody (h2),19200
Rune platebody (h3),19221
Rune platebody (h4),19242
Rune platebody (h5),19263
Rune platebody (Saradomin),2661
Rune platebody (t),2623
Rune platebody (Zamorak),2653
Rune platelegs,1079
Rune platelegs (Ancient),19401
Rune platelegs (Armadyl),19416
Rune platelegs (Bandos),19431
Rune platelegs (g),2617
Rune platelegs (Gilded),3483
Rune platelegs (Guthix),2671
Rune platelegs (h1),19182
Rune platelegs (h2),19203
Rune platelegs (h3),19224
Rune platelegs (h4),19245
Rune platelegs (h5),19266
Rune platelegs (Saradomin),2663
Rune platelegs (t),2625
Rune platelegs (Zamorak),2655
Rune plateskirt,1093
Rune plateskirt (Ancient),19404
Rune plateskirt (Armadyl),19419
Rune plateskirt (Bandos),19434
Rune plateskirt (g),3476
Rune plateskirt (Gilded),3485
Rune plateskirt (Guthix),3480
Rune plateskirt (h1),19185
Rune plateskirt (h2),19206
Rune plateskirt (h3),19227
Rune plateskirt (h4),19248
Rune plateskirt (h5),19269
Rune plateskirt (Saradomin),3479
Rune plateskirt (t),3477
Rune plateskirt (Zamorak),3478
Rune shield (h1),7336
Rune shield (h2),7342
Rune shield (h3),7348
Rune shield (h4),7354
Rune shield (h5),7360
Rune spikeshield 0,12927
Rune sq shield,1185
Shield left half,2366
Shield right half,2368
Spirit shield,13734
Third-age full helmet,10350
Third-age kiteshield,10352
Third-age platebody,10348
Third-age platelegs,10346
Toktz-ket-xil,6524
Torva armour set,30901
Virtus armour set,30903
Warrior helm,3753
Ancient ceremonial boots,20133
Ancient ceremonial gloves,20131
Ancient ceremonial legs,20129
Ancient ceremonial mask,20125
Ancient ceremonial robes set,40930
Ancient ceremonial top,20127
Anima Core Body of Zaros,37037
Anima Core helm of Zaros,37034
Anima Core Legs of Zaros,37040
Arcane sigil,13746
Arcane spirit shield,13738
Bandos armour set,40926
Bandos boots,11728
Bandos chestplate,11724
Bandos gloves,25025
Bandos helmet,25022
Bandos tassets,11726
Bandos warshield,25019
Barrows - Dharok's set,11848
Barrows - Guthan's set,11850
Barrows - Linza's set,37417
Barrows - Torag's set,11854
Barrows - Verac's set,11856
Blessed spirit shield,13736
Cinderbane gloves,41106
Crystal boots,35412
Crystal gloves,35416
Death Lotus chaps,26348
Death Lotus chestplate,26347
Death Lotus hood,26346
Dharok's helm,4716
Dharok's helm (broken),4884
Dharok's platebody,4720
Dharok's platebody (broken),35585
Dharok's platelegs,4722
Dharok's platelegs (broken),4902
Divine sigil,13748
Divine spirit shield,13740
Dragonfire deflector,25562
Dragonfire shield,11284
Dragonfire ward,25559
Elysian sigil,13750
Elysian spirit shield,13742
Emberkeen boots,34978
Gloves of passage,40320
Guthan's chainskirt,4730
Guthan's chainskirt (broken),4926
Guthan's helm,4724
Guthan's helm (broken),4908
Guthan's platebody,4728
Guthan's platebody (broken),4920
Linza's cuirass,37437
Linza's greaves,37441
Linza's helm,37433
Malevolent cuirass,30008
Malevolent greaves,30011
Malevolent helm,30005
Malevolent kiteshield,30014
Pneumatic gloves,27487
Razorback gauntlets,30213
Seasinger's hood,26337
Seasinger's robe bottom,26339
Seasinger's robe top,26338
Second-Age full helm,41861
Second-Age platebody,41863
Second-Age platelegs,41865
Spectral sigil,13752
Spectral spirit shield,13744
Statius's full helm,13896
Statius's platebody,13884
Statius's platelegs,13890
Steadfast scale,34972
Tetsu body,26326
Tetsu helm,26325
Tetsu platelegs,26327
Torag's helm,4745
Torag's helm (broken),4956
Torag's platebody,4749
Torag's platebody (broken),4968
Torag's platelegs,4751
Torag's platelegs (broken),4974
Torva boots,25064
Torva full helm,20135
Torva gloves,25060
Torva platebody,20139
Torva platelegs,20143
Verac's brassard,4757
Verac's brassard (broken),4992
Verac's helm,4753
Verac's helm (broken),4980
Verac's plateskirt,4759
Verac's plateskirt (broken),4998
Vesta's chainbody,13887
Vesta's plateskirt,13893
Adamant 2h sword,1317
Adamant battleaxe,1371
Adamant cane,13097
Adamant claw,3100
Adamant dagger,1211
Adamant halberd,3200
Adamant hasta,11375
Adamant longsword,1301
Adamant mace,1430
Adamant scimitar,1331
Adamant spear,1245
Adamant sword,1287
Adamant warhammer,1345
Ancient mace,11061
Black 2h sword,1313
Black battleaxe,1367
Black cane,13095
Black claw,3098
Black dagger,1217
Black halberd,3196
Black longsword,1297
Black mace,1426
Black scimitar,1327
Black spear,4580
Black sword,1283
Black warhammer,1341
Bone club,5018
Bone dagger,8872
Bone spear,5016
Bronze 2h sword,1307
Bronze battleaxe,1375
Bronze claw,3095
Bronze dagger,1205
Bronze halberd,3190
Bronze hasta,11367
Bronze longsword,1291
Bronze mace,1422
Bronze scimitar,1321
Bronze spear,1237
Bronze sword,1277
Bronze warhammer,1337
Corrupt Statius's warhammer,13926
Corrupt Vesta's longsword,13923
Corrupt Vesta's spear,13929
Double pirate hooks,42382
Egg whisk,7435
Frying pan,7441
Gadderhammer,7668
Guthix mjolnir,6760
Iron 2h sword,1309
Iron battleaxe,1363
Iron claw,3096
Iron dagger,1203
Iron halberd,3192
Iron hasta,11369
Iron longsword,1293
Iron mace,1420
Iron scimitar,1323
Iron spear,1239
Iron sword,1279
Iron warhammer,1335
Maple blackjack,6416
Maple blackjack (d),6420
Maple blackjack (o),6418
Mithril 2h sword,1315
Mithril battleaxe,1369
Mithril claw,3099
Mithril dagger,1209
Mithril halberd,3198
Mithril hasta,11373
Mithril longsword,1299
Mithril mace,1428
Mithril scimitar,1329
Mithril spear,1243
Mithril sword,1285
Mithril warhammer,1343
Oak blackjack (d),6410
Oak blackjack (o),6408
Off-hand adamant battleaxe,25771
Off-hand adamant claw,25943
Off-hand adamant dagger,25702
Off-hand adamant longsword,25735
Off-hand adamant mace,25684
Off-hand adamant scimitar,25753
Off-hand adamant sword,25720
Off-hand adamant warhammer,25789
Off-hand black battleaxe,25767
Off-hand black claw,25939
Off-hand black dagger,25698
Off-hand black longsword,25731
Off-hand black mace,25680
Off-hand black scimitar,25749
Off-hand black sword,25716
Off-hand black warhammer,25785
Off-hand bronze battleaxe,25761
Off-hand bronze claw,25933
Off-hand bronze dagger,25692
Off-hand bronze longsword,25725
Off-hand bronze mace,25674
Off-hand bronze scimitar,25743
Off-hand bronze sword,25710
Off-hand bronze warhammer,25779
Off-hand iron battleaxe,25763
Off-hand iron claw,25935
Off-hand iron dagger,25694
Off-hand iron longsword,25727
Off-hand iron mace,25676
Off-hand iron scimitar,25745
Off-hand iron sword,25712
Off-hand iron warhammer,25781
Off-hand mithril battleaxe,25769
Off-hand mithril claw,25941
Off-hand mithril dagger,25700
Off-hand mithril longsword,25733
Off-hand mithril mace,25682
Off-hand mithril scimitar,25751
Off-hand mithril sword,25718
Off-hand mithril warhammer,25787
Off-hand steel battleaxe,25765
Off-hand steel claw,25937
Off-hand steel dagger,25696
Off-hand steel longsword,25729
Off-hand steel mace,25678
Off-hand steel scimitar,25747
Off-hand steel sword,25714
Off-hand steel warhammer,25783
Off-hand white claw,25948
Ogre club,12570
Pirate hook (left),2997
Pirate hook (right),42380
Saradomin mjolnir,6762
Silver sickle,2961
Skewer,7443
Spatula,7439
Spork,7437
Steel 2h sword,1311
Steel battleaxe,1365
Steel claw,3097
Steel dagger,1207
Steel halberd,3194
Steel hasta,11371
Steel longsword,1295
Steel mace,1424
Steel scimitar,1325
Steel spear,1241
Steel sword,1281
Steel warhammer,1339
Superior ancient mace,32090
White 2h sword,6609
White battleaxe,6589
White claw,6587
White dagger,6591
White halberd,6599
White longsword,6607
White mace,6601
White scimitar,6611
White sword,6605
White warhammer,6613
Willow blackjack (d),6414
Willow blackjack (o),6412
Willow-blackjack,4600
Wooden spoon,7433
Zamorak mjolnir,6764
