Abyssal lurker pouch,12037
Abyssal parasite pouch,12035
Abyssal titan pouch,12796
Adamant minotaur pouch,12081
Albino rat pouch,12067
Arctic bear pouch,12057
Barker toad pouch,12123
Beaver pouch,12021
Bloated leech pouch,12061
Blood nihil pouch,31410
Brawler demon pouch,34137
Bronze minotaur pouch,12073
Bull ant pouch,12087
Bunyip pouch,12029
Compost mound pouch,12091
Deacon demon pouch,34141
Desert wyrm pouch,12049
Dreadfowl pouch,12043
Evil turnip pouch,12051
Executioner demon pouch,34139
Fire titan pouch,12802
Forge regent pouch,12782
Fruit bat pouch,12033
Geyser titan pouch,12786
Giant chinchompa pouch,12800
Giant ent pouch,12013
Granite crab pouch,12009
Granite lobster pouch,12069
Honey badger pouch,12065
Hydra pouch,12025
Ibis pouch,12531
Ice nihil pouch,31416
Ice titan pouch,12806
Iron minotaur pouch,12075
Iron titan pouch,12822
Karam. overlord pouch,12023
Lava titan pouch,12788
Light creature pouch,32829
Macaw pouch,12071
Magpie pouch,12041
Meerkats pouch,19622
Mithril minotaur pouch,12079
Moss titan pouch,12804
Nightmare muspah pouch,31328
Obsidian golem pouch,12792
Pack mammoth pouch,36060
Pack yak pouch,12093
Phoenix pouch,14623
Praying mantis pouch,12011
Pyrelord pouch,12816
Ravenous locust pouch,12820
Reborn phoenix pouch,34852
Rune minotaur pouch,12083
Shadow nihil pouch,31412
Smoke devil pouch,12085
Smoke nihil pouch,31414
Spirit cobra pouch,12015
Spirit cockatrice pouch,12095
Spirit coraxatrice pouch,12105
Spirit dagannoth pouch,12017
Spirit graahk pouch,12810
Spirit guthatrice pouch,12097
Spirit jelly pouch,12027
Spirit kalphite pouch,12063
Spirit kyatt pouch,12812
Spirit larupia pouch,12784
Spirit mosquito pouch,12778
Spirit pengatrice pouch,12103
Spirit saratrice pouch,12099
Spirit scorpion pouch,12055
Spirit spider pouch,12059
Spirit terrorbird pouch,12007
Spirit tz-kih pouch,12808
Spirit vulatrice pouch,12107
Spirit wolf pouch,12047
Spirit zamatrice pouch,12101
Steel minotaur pouch,12077
Steel titan pouch,12790
Stranger plant pouch,12045
Swamp titan pouch,12776
Talon beast pouch,12794
Thorny snail pouch,12019
Unicorn stallion pouch,12039
Vampyre bat pouch,12053
Void ravager pouch,12818
Void shifter pouch,12814
Void spinner pouch,12780
Void torcher pouch,12798
War tortoise pouch,12031
Wolpertinger pouch,12089
