A mis-fortune from The Mighty Zoltan (1/17),39935
A mis-fortune from The Mighty Zoltan (10/17),39953
A mis-fortune from The Mighty Zoltan (11/17),39955
A mis-fortune from The Mighty Zoltan (12/17),39957
A mis-fortune from The Mighty Zoltan (13/17),39959
A mis-fortune from The Mighty Zoltan (14/17),39961
A mis-fortune from The Mighty Zoltan (15/17),39963
A mis-fortune from The Mighty Zoltan (16/17),39965
A mis-fortune from The Mighty Zoltan (17/17),39967
A mis-fortune from The Mighty Zoltan (2/17),39937
A mis-fortune from The Mighty Zoltan (3/17),39939
A mis-fortune from The Mighty Zoltan (4/17),39941
A mis-fortune from The Mighty Zoltan (5/17),39943
A mis-fortune from The Mighty Zoltan (6/17),39945
A mis-fortune from The Mighty Zoltan (7/17),39947
A mis-fortune from The Mighty Zoltan (8/17),39949
A mis-fortune from The Mighty Zoltan (9/17),39951
Abomination cape,35117
Adamant ore box,44787
Akateko orokami mask,38796
Akkorokamui orokami mask,38792
Akrisae's hood,21736
Akrisae's hood (broken),21742
Akrisae's robe skirt,21760
Akrisae's robe skirt (broken),21766
Akrisae's robe top,21752
Akrisae's robe top (broken),21758
Akrisae's war mace,21744
Akrisae's war mace (broken),21750
Amulet of farming (8),12622
Ancient elven ritual shard,43358
Ancient warriors' equipment patch,39047
Apple parasol,37878
Araxyte pheromone,33870
Araxyte spider egg (unchecked),43675
Arcane sigil shard,30054
Archers' ring shard,30087
Arcspore zygomite (unchecked),43684
Armadyl battlestaff,21777
Armadyl buckler shard,30117
Armadyl chainskirt shard,30118
Armadyl chestplate shard,30116
Armadyl crossbow shard,30126
Armadyl helmet shard,30115
Armadyl hilt shard,30106
Armadyl rune,21773
Arthur companion pet token,43319
Ascension Keystone Primus,28445
Ascension Keystone Quartus,28451
Ascension Keystone Quintus,28453
Ascension Keystone Secundus,28447
Ascension Keystone Sextus,28455
Ascension Keystone Tertius,28449
Ascension shard,28436
Assassin walk override token,41622
Azure chinchompa (unchecked),43606
Bacon,28640
Bacon heap,28646
Bacon mound,28648
Bacon pile,28644
Bacon stack,28642
Bagged plant 1,8431
Banana boat mount token,43317
Bandos chestplate shard,30120
Bandos helmet shard,30119
Bandos hilt shard,30107
Bandos tassets shard,30121
Bandosian bantam hen (unchecked),43578
Bane ore box,44795
Barbarian assault ticket - hard wave 10,31908
Barbarian assault ticket - hard wave 2,31900
Barbarian assault ticket - hard wave 3,31901
Barbarian assault ticket - hard wave 4,31902
Barbarian assault ticket - hard wave 5,31903
Barbarian assault ticket - hard wave 6,31904
Barbarian assault ticket - hard wave 7,31905
Barbarian assault ticket - hard wave 8,31906
Barbarian assault ticket - hard wave 9,31907
Barbarian assault ticket - wave 10,15473
Barbarian assault ticket - wave 2,15465
Barbarian assault ticket - wave 3,15466
Barbarian assault ticket - wave 4,15467
Barbarian assault ticket - wave 5,15468
Barbarian assault ticket - wave 6,15469
Barbarian assault ticket - wave 7,15470
Barbarian assault ticket - wave 8,15471
Barbarian assault ticket - wave 9,15472
Barrel of monkeys,35081
Barrows - Akrisae's set,21768
Barrows amulet,30030
Barrows totem,30004
Beach armour override token,43333
Beachball orb token,38038
Bear fur,948
Beer goggles token,41173
Beetle bits,12127
Berserker ring shard,30089
Black dragon egg (unchecked),43724
Black ewe (unchecked),43621
Black ram (unchecked),43639
Black stone arrow tips,47496
Blade of avaryss shard,37097
Blade of nymora shard,37092
Blood necklace shard,32692
Blue dragon egg (unchecked),43716
Bond,29492
Bone master outfit token,47572
Boots of Seasons,37542
Bottoms of Seasons,37538
Box of clue scrolls,41986
Briefcase,33512
Bright energy,29315
Brilliant energy,29321
Broken abyssal bane square shield,45345
Broken dragon bane square shield,45373
Broken revenant bane square shield,45401
Bronze ore box,44779
Bubble blower token,40980
Bucket staff override token,43339
Bucking yak teleport token,40030
Buddy pet token,41348
Bull (unchecked),43702
Cadavaberry parasol,37882
Camel staff,36019
Carnivorous chinchompa (unchecked),43600
Carrot lance token,47754
Carrying steins resting token,41187
Carved evil turnip,12153
Casket,405
Cavern of tainted memories ticket,41720
Challenge gem,34957
Chest of Seasons,37544
Chicken egg (unchecked),44032
Chitin scraps,26578
Chocolate cow (unchecked),43696
Chocolate hair head token,43327
Christmas cracker,962
Christmas jumper token (chinchompa),44533
Christmas jumper token (guthix),44535
Christmas jumper token (penguin),44531
Christmas lootbeam token,41349
Christmas pudding balloon,39273
Christmas scythe,33625
Christmas tree cape token,41508
Christmas tree kite,39275
Circular hide,6169
Clawdia claws token,38036
Clawdia wings token,38019
Clockwork cat,7771
Cobalt chinchompa (unchecked),43602
Cocktail flare rest override token,43313
Coconut parasol,37886
Common brown rabbit (unchecked),43589
Common white hen (unchecked),43574
Conga dance override token,39423
Conga eel whip token,38009
Congealed blood,37227
Contact juggling resting token,40031
Coral dagger token,38025
Coral sword token,38023
Coraxatrice egg,12119
Corpse spider egg (unchecked),43669
Corrupted gem,40334
Costume-skipping ticket,33507
Cottontail knight helmet token,47751
Cottontail knight lower body token,47753
Cottontail knight upper body token,47752
Crest of seren shard,37029
Crest of sliske shard,37023
Crest of zamorak shard,37026
Crest of zaros shard,37020
Crimson chinchompa (unchecked),43608
Crushed dragonstone,37914
Crusty companion pet token,43321
Crypt scythe token,42937
Crypt shieldbow token,42939
Crypt staff token,42938
Crystal armour seed,32623
Crystal ball token,40035
Crystal chinchompa (unchecked),43610
Crystal tool seed,32208
Crystal weapon seed,32206
Daemoncap zygomite (unchecked),43687
Dagannoth hide,6155
Dancer outfit token,42440
Death lotus extract,43070
Delicious honeycomb,43945
Demon claw,33934
Demon slayer sigil,47515
Demonic title scroll (blazing),33944
Demonic title scroll (castellan),33940
Demonic title scroll (corrupting),33946
Demonic title scroll (deacon),33942
Demonic title scroll (executioner),33938
Demonic title scroll (frostborn),33948
Demonic title scroll (general),33936
Demonic title scroll (glorious),33950
Demonic title scroll (infernal),33952
Demonic title scroll (obscured),33954
Demonic title scroll (pestilent),33956
Demonic title scroll (rending),33958
Demonic title scroll (shattering),33960
Demonic title scroll (terrifying),33962
Demonic title scroll (the deceiver),47544
Dense honeycomb,43949
Disk of returning,981
Divine charge,36390
Divine charge (empty),41073
Divine sigil shard,30055
Dizzy stick teleport token,42432
Dizzy stick token,42430
Dormant anima core body shard,37014
Dormant anima core helm shard,37011
Dormant anima core legs shard,37017
Dragon hatchet shard,30072
Dragon limbs shard,30127
Dragon rider lance shard,37072
Dragon slayer sigil,47511
Dragonstone boots,28545
Dragonstone gauntlets,28537
Dragonstone greaves,28543
Dragonstone hauberk,28539
Dragonstone helm,28541
Drygore longsword shard,30082
Drygore mace shard,30084
Drygore rapier shard,30080
Duck ring token,38021
Dust of Armadyl,21774
Dwellberry parasol,37880
Easter egg follower pet token,42426
Easter egg hat token,42418
Elder arrow shaft,47549
Elder energy,31312
Elder rune ore box,44797
Elemental impetus,41820
Elf shoes token,41513
Elysian sigil shard,30056
Erethdor's grimoire,42785
Evening bolero,41976
Evening dipped skirt,41978
Evening gloves,41982
Evening shoes,41980
Face paint token,42428
Fallfaced ewe (unchecked),43625
Fallfaced ram (unchecked),43643
Fayre dancer emote pack 1 token,40028
Fayre dancer emote pack 2 token,40029
Feather of Ma'at,40303
Fever grass,12574
Fever spider egg (unchecked),43666
Fibula piece,6167
Fish in a bag token,42424
Fish offcuts,11334
Fishy treat,43067
Flaming sword enchantment,41809
Flattened hide,6171
Flickering energy,29314
Flies,12125
Forsaken graahk pet token,42935
Fortune cape token,40034
Fortune teller outfit token,42434
Fremennik equipment patch,47658
Fremennik yak (unchecked),43705
Fur,6814
Ganodermic boots,25980
Ganodermic gloves,25978
Garb of subjugation shard,30112
Gem cape token,37507
Gem crown token,37508
Gem focus,32819
Gem necklace token,37506
Gem sack token,39686
Gemstone boots,39899
Gemstone gauntlets,39901
Gemstone greaves,39897
Gemstone hauberk,39895
Gemstone helm,39893
Giant spider egg (unchecked),43672
Gingerbread necklace token,41171
Glaiven boots,21790
Gleaming energy,29318
Gloomshroom zygomite (unchecked),43678
Gloves of Seasons,37540
Glowing energy,29316
Goblin mail,288
Goebie backpack override token,43347
Gold seal,9040
Golden scarab,9028
Golden statuette,9034
Golden thread,41843
Gown of subjugation shard,30113
Green dragon egg (unchecked),43712
Grey chinchompa (unchecked),43598
Grey wolf fur,958
Ground bat bones,2391
Ground fishing bait,12129
Ground guam,6681
Ground seaweed,6683
Guido's bonfire in a bottle,41997
Guthatrice egg,12111
Hacky sack resting emote token,38033
Half-moon spectacles (black),41922
Half-moon spectacles (blue),41926
Half-moon spectacles (green),41924
Hawai'i parasol token,40974
Heavy chest,41902
Herb protector,41086
Hobby unicorn (black),41894
Hobby unicorn (white),41892
Honeycomb,12156
Hood of subjugation shard,30111
Hook-a-duck flail token,42420
Hot sand walk override token,43323
Hypnotic parasol token,40033
Ice lolly wand token,38011
Ice spider egg (unchecked),43663
Idol crabletine token,38833
Ikuchi orokami mask,38788
Imperial district teleport,40260
Imperium core shard,39581
Incandescent energy,29324
Incomplete hydrix,31851
Ink shooter token,38037
Insignia recharge,31926
Intricate blood stained chest,39586
Intricate ice chest,39588
Intricate shadow chest,39590
Intricate smoke-shrouded chest,39592
Iron ingot,47072
Iron ore box,44781
Ivory comb,9026
Jewelled golden statuette,20661
Junk refiner,39659
Kahului parasol token,40970
Kandarin cow (unchecked),43690
Karasu orokami mask,38794
Karil's off-hand pistol crossbow,25895
Karil's off-hand pistol crossbow (broken),36805
Kauai parasol token,40966
Keg companion pet token,41181
Key to the Crossing,40310
Knot-skipping ticket,33506
Kodama orokami mask,38790
Lapis lazuli ring,39816
Lavender,12572
Leather case,32818
Lederhosen terrorbird mount token,41179
Lemon parasol,37876
Lifeguard chair head token,38017
Lime parasol,37884
Linza's shield,37449
Living minerals,15263
Lockbox-skipping ticket,41813
Loved up rest animation token,44430
Loved up walk override token,44429
Luchador mask token,36206
Lucky dragonkin coin,41039
Luminite injector,44837
Luminous energy,29323
Lustrous energy,29320
Magic notepaper,30372
Magical thread,47661
Mallet token,40036
Mammoth plush token,41346
Mammoth tusk,36023
Maui parasol token,40972
Mazcab ability codex,35148
Medicinal honeycomb,43947
Meditation rest animation token,35317
Menaphos shifting tombs teleport,40264
Menowin outfit token,42436
Merchant district teleport,40261
Merethiel's stave,42767
Metal setting,32820
Mimic helm,36818
Mimic kill token,36814
Mimic plushie,38993
Mimic tongue cape,36820
Mining away teleport token,44433
Mint hair head token,43331
Miraculous treatment,41087
Mithril ore box,44785
Mithril seeds,299
Mizuyari,37824
Mole claw,7416
Mole nose,19769
Mole skin,7418
Mort myre pear,2974
Mort myre stem,2972
Mutated Barge ability codex,43393
Mutated Flurry ability codex,43391
Mutated Fury ability codex,43389
Necronium ore box,44793
Night spider egg (unchecked),43660
Novtumberfest dance emotes token,41189
Novtumberfest outfit token,41169
Nue orokami mask,38798
Nuts,12130
O'ahu parasol token,40968
Ocean's Archer Body and Hands token,41593
Ocean's Archer Bow token,41595
Ocean's Archer Crossbow token,41596
Ocean's Archer Head token,41592
Ocean's Archer Legs and Feet token,41594
Octopus companion pet token,40959
Off-hand armadyl crossbow shard,34858
Off-hand briefcase,33514
Off-hand drygore longsword shard,30083
Off-hand drygore mace shard,30085
Off-hand drygore rapier shard,30081
Off-hand rubber turkey,33622
Off-hand shadow glaive shard,37082
Off-hand suitcase,33510
Oni orokami mask,38802
Oomlie hen (unchecked),43580
Orange parasol,37874
Orb of the cywir elders shard,40602
Orikalkum ore box,44791
Orlando Smith's hat,41995
Pale energy,29313
Palm tree rest emote token,40982
Party fever walk override token,41185
Pengatrice egg,12117
Penguin plush token,41347
Pernix body shard,30094
Pernix boots shard,30105
Pernix chaps shard,30095
Pernix cowl shard,30093
Pernix gloves shard,30100
Pet of seasons token,35781
Phoenix aura token,47672
Port district teleport,40262
Portable brazier,35228
Portable crafter,35226
Portable fletcher,35227
Portable range,31042
Portable sawmill,31043
Portable well,31044
Pot of gold token,41397
Pottery scarab,9032
Pottery statuette,9036
Pouch,12155
Praesul codex,39584
Praesul codex shard,40599
Present hammer weapon token,41509
Present head token,41512
Present sack token,41510
Pretzel shield token,41175
Primweed,12588
Proboscis,6319
Pufferfish Balloon,38060
Pufferfish follower pet token,38029
Pufferfish launcher override token,43337
Purified 2h crossbow token,41728
Purified crossbow token,41727
Purified greatsword token,41722
Purified halberd token,41726
Purified shortbow token,41723
Purified staff token,41725
Purified swords token,41721
Purified wand and orb token,41724
Purple mushroom,42782
Puzzle-skipping ticket,33505
Pyjama bottoms,41898
Pyjama slippers,41900
Pyjama top,41896
Pyramid hat head token,40977
Radiant energy,29322
Ragefire boots,21793
Rainbow amulet token,39157
Rainbow aura token,47820
Rainbow bow token,40991
Rainbow cape,39160
Rainbow gaze token,47822
Rainbow halo token,41403
Rainbow parasol,40989
Rainbow pet token,44135
Rainbow scythe token,42442
Rainbow teleport token,42445
Rainbow wand token,41400
Red dragon egg (unchecked),43720
Rellekkan cream rabbit (unchecked),43593
Reprisal ability codex,37630
Ribcage piece,6165
Ring of coins,41906
Ring of trees,41908
Robin,44538
Rock-shell chunk,6157
Rock-shell shard,6159
Rock-shell splinter,6161
Rooster (unchecked),43586
Round glasses (black),41910
Round glasses (blue),41914
Round glasses (green),41912
Royal dragon egg (unchecked),43728
Rubber turkey,33619
Rudolph necklace token,41511
Rune ore box,44789
Runny honeycomb,43951
Sand dive teleport token,44434
Sand dunk resting emote token,38031
Sandcastle companion pet token,40955
Sandy 2h sword override token,43343
Sandy club override token,43341
Sandy maul override token,43345
Sandy sandwich rest override token,43315
Saradomin hilt shard,30108
Saradomin sword shard,30122
Saradomin's hiss shard,30124
Saradomin's murmur shard,30125
Saradomin's whisper shard,30123
Saratrice egg,12113
Scare Tactics,42304
Scrimshaw of aggression (inactive),35767
Scrimshaw of corruption (inactive),35771
Scrimshaw of sacrifice (inactive),35769
Seahorse Balloon,38062
Seahorse follower pet token,38039
Seasinger weapon upgrade kit,43073
Seeker's charm,41580
Seers' ring shard,30086
Seismic singularity shard,30079
Seismic wand shard,30078
Shadow gem cape token,44149
Shadow gem crown token,44151
Shadow gem helm token,47358
Shadow gem magic weapon token,47357
Shadow gem melee weapon token,47355
Shadow gem necklace token,44148
Shadow gem ranged weapon token,47356
Shadow gem sack token,44150
Shadow glaive shard,37077
Shadowy egg,47542
Shard of chaos weapon token,38990
Shard of despite weapon token,38991
Shard of energy weapon token,36817
Shard of havoc weapon token,36815
Shard of malice weapon token,36816
Shard of suffering weapon token,38992
Shark fin token,38015
Shinigami orokami mask,38800
Shovel sword override token,43335
Shrunk ogleroot,11205
Silverhawk feathers,30915
Skeletal bear pet token,47571
Skull piece,6163
Snow cape token,44527
Snow parasol,44523
Snowman building rest token,44525
Snowman pet token,41514
Snowverload plush token,41345
Sophanem Slayer Dungeon teleport,40263
Soul talisman,1460
Soul tiara,5551
Sparkling energy,29317
Spectral sigil shard,30057
Spider egg (unchecked),43655
Spider leg,31721
Spirit shards,12183
Spirit yak (unchecked),43708
Spring,31613
Springsheared ewe (unchecked),43627
Springsheared ram (unchecked),43645
Stack of presents token,41515
Starfish Balloon,38064
Starfish follower pet token,38027
Static gloves shard,30058
Steadfast boots,21787
Steel ingot,47074
Steel ore box,44783
Stein weapon token,41177
Stinkbloom,12590
Stocking teleport token,41516
Stone scarab,9030
Stone seal,9042
Stone statuette,9038
Strawberry cow (unchecked),43693
Strawberry hair head token,43329
Strawberry milk,44034
Strawberry parasol,37872
Stretched hide,6173
Stylish glasses (black),41916
Stylish glasses (blue),41920
Stylish glasses (green),41918
Suitcase,33508
Summerdown ewe (unchecked),43629
Summerdown ram (unchecked),43647
Summoning focus,32821
Surfboard shield token,38035
Sweet honeycomb,43953
Tansymum,12576
Tavia's fishing rod,42276
Terrorbird plushie,39271
Test of strength emote token,40027
Tetsu sword upgrade kit,43071
Timber beam,8837
Tomb gorilla pet token,42936
Torn grimoire page,43357
Tortoise shell,7939
Torva boots shard,30103
Torva full helm shard,30090
Torva gloves shard,30101
Torva platebody shard,30091
Torva platelegs shard,30092
Tower-skipping ticket,41811
Toy doll,7763
Toy mouse,7767
Toy soldier,7759
Tracking gloves shard,30059
Treasure dive teleport token,44432
Treasure map,40185
Treasure resting animation token,40187
Tribal pet token,42491
Tuxedo gloves,41972
Tuxedo jacket,41966
Tuxedo shoes,41970
Tuxedo trousers,41968
Undead slayer sigil,47507
Vanilla cow (unchecked),43699
Vanilla hair head token,43325
Vanilla milk,44036
Varrockian red hen (unchecked),43576
Vecna skull,20667
Venturer outfit token,42438
Vibrant energy,29319
Viridian chinchompa (unchecked),43604
Virtus book shard,30074
Virtus boots shard,30104
Virtus gloves shard,30102
Virtus mask shard,30096
Virtus robe legs shard,30098
Virtus robe top shard,30097
Virtus wand shard,30073
Vis wax,32092
Vital spark,40324
Vulatrice egg,12121
Wand of the cywir elders shard,37087
Wand of the praesul shard,39576
Ward of subjugation shard,30114
Warrior ring shard,30088
Water balloon launcher token,38013
Watermelon parasol,37870
Whetstone,41088
White ewe (unchecked),43619
White ram (unchecked),43637
Winterwold ewe (unchecked),43623
Winterwold ram (unchecked),43641
Wolpertinger companion pet token,41183
Wooden cat,10891
Woolly pudding hat,39269
Worker district teleport,40259
Wreath crown token,44529
Wreath shield token,41507
Wyvern crossbow,35985
Yak balloon token,40038
Yak plushie token,40037
Zamatrice egg,12115
Zamorak hilt shard,30109
Zamorakian spear shard,30110
Zanarian zygomite (unchecked),43681
Zaryte bow shard,30099
Zoltan pet token,40039
Zoltan plushie token,42422
Zombie walk override token,38964
