Anima Core body of Zamorak,37046
Anima Core helm of Zamorak,37043
Anima Core legs of Zamorak,37049
Archer helm,3749
Armadyl armour set,40924
Armadyl boots,25010
Armadyl buckler,25013
Armadyl chainskirt,11722
Armadyl chestplate,11720
Armadyl gloves,25016
Armadyl helmet,11718
Arrowstorm drape,23050
Ascension grips,31203
Barrows - Karil's set,11852
Basilisk boots,32368
Black dragonhide body,2503
Black dragonhide boots,41215
Black dragonhide chaps,2497
Black dragonhide coif,12957
Black dragonhide set,11870
Black dragonhide shield,25800
Black dragonhide vambraces,2491
Black spiky vambraces,10085
Blessed dragonhide body (Armadyl),19461
Blessed dragonhide body (Bandos),19453
Blessed dragonhide body (Guthix),10378
Blessed dragonhide body (Saradomin),10386
Blessed dragonhide body (Zamorak),10370
Blessed dragonhide body (Zaros),19445
Blessed dragonhide chaps (Armadyl),19463
Blessed dragonhide chaps (Bandos),19455
Blessed dragonhide chaps (Guthix),10380
Blessed dragonhide chaps (Saradomin),10388
Blessed dragonhide chaps (Zamorak),10372
Blessed dragonhide chaps (Zaros),19447
Blessed dragonhide coif (Armadyl),19465
Blessed dragonhide coif (Bandos),19457
Blessed dragonhide coif (Guthix),10382
Blessed dragonhide coif (Saradomin),10390
Blessed dragonhide coif (Zamorak),10374
Blessed dragonhide coif (Zaros),19449
Blessed dragonhide vambraces (Armadyl),19459
Blessed dragonhide vambraces (Bandos),19451
Blessed dragonhide vambraces (Guthix),10376
Blessed dragonhide vambraces (Saradomin),10384
Blessed dragonhide vambraces (Zamorak),10368
Blessed dragonhide vambraces (Zaros),19443
Blue dragonhide body,2499
Blue dragonhide body (g),7374
Blue dragonhide body (t),7376
Blue dragonhide boots,41213
Blue dragonhide chaps,2493
Blue dragonhide chaps (g),7382
Blue dragonhide chaps (t),7384
Blue dragonhide coif,12943
Blue dragonhide set,11866
Blue dragonhide shield,25796
Blue dragonhide vambraces,2487
Blue spiky vambraces,10081
Carapace boots,25863
Carapace gloves,25865
Carapace helm,25857
Carapace legs,25861
Carapace shield,41198
Carapace torso,25859
Corrupt Morrigan's coif,13950
Corrupt Morrigan's leather body,13944
Corrupt Morrigan's leather chaps,13947
Crystal deflector,32243
Demon slayer boots,27163
Demon slayer circlet,27157
Demon slayer gloves,27165
Demon slayer skirt,27159
Demon slayer torso,27161
Elite sirenic chaps,43161
Elite sirenic hauberk,43158
Elite sirenic mask,43155
Flarefrost boots,34981
Focus sight,15490
Frog-leather body,10954
Frog-leather boots,10958
Frog-leather chaps,10956
Glaiven wing-tip,34974
Green dragonhide body,1135
Green dragonhide body (g),7370
Green dragonhide body (t),7372
Green dragonhide boots,41212
Green dragonhide chaps,1099
Green dragonhide chaps (g),7378
Green dragonhide chaps (t),7380
Green dragonhide coif,12936
Green dragonhide set,11864
Green dragonhide shield,25794
Green dragonhide vambraces,1065
Green spiky vambraces,10079
Hard leather body,1131
Hard leather boots,25821
Hard leather chaps,41210
Hard leather cowl,41208
Hard leather gloves,25875
Hard leather shield,25808
Karil's coif,4732
Karil's coif (broken),4932
Karil's skirt,4738
Karil's skirt (broken),4950
Karil's top,4736
Karil's top (broken),4944
Kurask boots,32372
Leather body,1129
Leather chaps,1095
Leather cowl,1167
Leather shield,25806
Leather vambraces,1063
Morrigan's coif,13876
Morrigan's leather body,13870
Morrigan's leather chaps,13873
Nightmare gauntlets,39248
Pernix body,20151
Pernix boots,25068
Pernix chaps,20155
Pernix cowl,20147
Pernix gloves,25058
Ranger boots,2577
Red dragonhide body,2501
Red dragonhide boots,41214
Red dragonhide chaps,2495
Red dragonhide coif,12950
Red dragonhide set,11868
Red dragonhide shield,25798
Red dragonhide vambraces,2489
Red spiky vambraces,10083
Robin Hood hat,2581
Robin Hood tights,41847
Robin Hood tunic,41845
Royal dragonhide body,24382
Royal dragonhide boots,41197
Royal dragonhide chaps,24379
Royal dragonhide coif,24388
Royal dragonhide set,24386
Royal dragonhide vambraces,24376
Royal spiky vambraces,25553
Second-Age range coif,41877
Second-Age range legs,41881
Second-Age range top,41879
Sirenic chaps,29860
Sirenic hauberk,29857
Sirenic mask,29854
Snakeskin bandana,6326
Snakeskin body,6322
Snakeskin boots,6328
Snakeskin chaps,6324
Snakeskin vambraces,6330
Spiky vambraces,10077
Spined armour set,11944
Spined body,6133
Spined boots,6143
Spined chaps,6135
Spined gloves,6149
Spined helm,6131
Studded body,1133
Studded body (g),7362
Studded body (t),7364
Studded chaps,1097
Studded chaps (g),7366
Studded chaps (t),7368
Studded leather boots,25823
Studded leather coif,1169
Studded leather gloves,25877
Studded leather shield,25810
Third-age range coif,10334
Third-age range legs,10332
Third-age range top,10330
Third-age vambraces,10336
Tracking gloves,27484
Turoth boots,32370
Vengeful kiteshield,30018
Yak-hide armour (legs),10824
Yak-hide armour (top),10822
