Abyssal drain scroll,12454
Abyssal stealth scroll,12427
Acorn missile scroll,12457
Adamant bull rush scroll,12465
Ambush scroll,12836
Annihilate scroll,31401
Arctic blast scroll,12451
Blood drain scroll,12444
Boil scroll,12833
Bronze bull rush scroll,12461
Call to arms scroll,12443
Cheese feast scroll,12430
Crushing claw scroll,12449
Deadly claw scroll,12831
Dissolve scroll,12453
Doomsphere scroll,12455
Dreadfowl strike scroll,12445
Dust cloud scroll,12468
Ebon thunder scroll,12837
Egg spawn scroll,12428
Electric lash scroll,12460
Enlightenment scroll,32832
Essence shipment scroll,12827
Evil flames scroll,12448
Explode scroll,12834
Famine scroll,12830
Fetch casket scroll,19621
Fireball assault scroll,12839
Fish rain scroll,12424
Fruitfall scroll,12423
Generate compost scroll,12440
Goad scroll,12835
Healing aura scroll,12434
Herbcall scroll,12422
Howl scroll,12425
Immense heat scroll,12829
Inferno scroll,12841
Insane ferocity scroll,12433
Iron bull rush scroll,12462
Iron within scroll,12828
Magic focus scroll,12437
Mammoth feast scroll,36063
Mantis strike scroll,12450
Mithril bull rush scroll,12464
Multichop scroll,12429
Ophidian incubation scroll,12436
Pester scroll,12838
Petrifying gaze scroll,12458
Poisonous blast scroll,12467
Regrowth scroll,12442
Rending scroll,12840
Ring of fire scroll,34146
Rise from the ashes scroll,14622
Rune bull rush scroll,12466
Sandstorm scroll,12446
Siphon self scroll,31332
Slime spray scroll,12459
Spike shot scroll,12456
Steel bull rush scroll,12463
Steel of legends scroll,12825
Stony shell scroll,12533
Swallow whole scroll,12438
Swamp plague scroll,12832
Testudo scroll,12439
Thieving fingers scroll,12426
Tireless run scroll,12441
Titan's constitution scroll,12824
Toad bark scroll,12452
Unburden scroll,12431
Vampyre touch scroll,12447
Venom shot scroll,12432
Volcanic strength scroll,12826
Winter storage scroll,12435
